file,status,transaction_count,date_min,date_max,revenue_total,non_revenue_credit_total,uncategorised_count,failed_payment_count,loan_credit_count,debt_repayment_count,exception_count
JsonExport/22Lush Limited - 22Lush Limited Transaction Report.json,ok,381,2024-01-19,2024-08-18,23304.5,21314.69,0.0,0.0,0.0,5.0,6.0
"JsonExport/22Lush Limited Transaction Report_0,0.json",ok,381,2024-01-19,2024-08-18,23304.5,21314.69,0.0,0.0,0.0,5.0,6.0
JsonExport/22Lush Limited Transaction Report_categorized(1).json,ok,381,2024-01-19,2024-08-18,23304.5,21314.69,0.0,0.0,0.0,5.0,6.0
JsonExport/22Lush Limited Transaction Report_categorized.json,ok,381,2024-01-19,2024-08-18,23304.5,0.0,0.0,0.0,0.0,6.0,0.0
"JsonExport/22Lush Limited Transaction Report_categorized_0,0.json",ok,381,2024-01-19,2024-08-18,23304.5,21314.69,0.0,0.0,0.0,5.0,6.0
JsonExport/A&A Building Construction Ltd.json,ok,229,2024-03-03,2025-02-17,3859.34,31652.67,0.0,0.0,0.0,6.0,12.0
JsonExport/A1 Painting and Decorating LTD.json,ok,367,2024-09-13,2025-04-15,5300.0,26532.29,0.0,0.0,0.0,12.0,10.0
JsonExport/Accounted Ltd.json,ok,1173,2023-11-24,2024-07-10,21795.84,45637.31,0.0,9.0,1.0,13.0,28.0
"JsonExport/Accounted Ltd_0,0.json",ok,1173,2023-11-24,2024-07-10,21795.84,45637.31,0.0,9.0,1.0,13.0,28.0
JsonExport/Advanced Automotive Performance Ltd - GetReportByID.json,ok,5231,2023-07-08,2024-07-08,13652.52,488828.13,0.0,5.0,38.0,403.0,692.0
"JsonExport/Advanced Automotive Performance Ltd_0,0.json",ok,5231,2023-07-08,2024-07-08,13652.52,488828.13,0.0,5.0,38.0,403.0,692.0
JsonExport/Advanced Automotive Performance Ltd_categorized.json,ok,5231,2023-07-08,2024-07-08,13606.73,0.0,0.0,5.0,30.0,412.0,3.0
JsonExport/ADVANCED SCAFFOLDING SOLUTIONS LIMITED - GetReportByID.json,ok,121,2024-05-13,2025-05-06,0.0,39316.61,0.0,0.0,0.0,17.0,7.0
JsonExport/Aesthetic Precision.json,ok,742,2025-01-06,2026-01-05,59201.61,12716.7,0.0,1.0,2.0,9.0,3.0
JsonExport/Akar Food Ltd.json,ok,170,2023-12-12,2024-10-22,0.0,79677.0,0.0,0.0,0.0,2.0,44.0
JsonExport/AKLE HEALTHCARE SUPPORT LTD - GetReportByID.json,ok,2101,2024-05-08,2025-05-07,5823.67,74854.04,0.0,1.0,12.0,43.0,14.0
JsonExport/Aksz Ltd - GetReportByID.json,ok,100,2024-01-17,2024-02-05,0.0,2728.7,0.0,0.0,1.0,2.0,1.0
JsonExport/Alex Sounthhampton.json,ok,3597,2023-07-01,2024-07-01,222723.38,521021.53,0.0,0.0,1.0,17.0,263.0
"JsonExport/Alex Sounthhampton_0,0.json",ok,3597,2023-07-01,2024-07-01,222723.38,521021.53,0.0,0.0,1.0,17.0,263.0
JsonExport/Alex Sounthhampton_categorized.json,ok,3597,2023-07-01,2024-07-01,219808.51,0.0,0.0,0.0,1.0,525.0,63.0
JsonExport/All in the wrap Limited.json,ok,5,2024-04-23,2024-05-17,0.0,55.98,0.0,0.0,0.0,2.0,0.0
"JsonExport/All in the wrap Limited_0,0.json",ok,5,2024-04-23,2024-05-17,0.0,55.98,0.0,0.0,0.0,2.0,0.0
JsonExport/All in the wrap Limited_categorized.json,ok,5,2024-04-23,2024-05-17,0.0,0.0,0.0,0.0,0.0,2.0,0.0
JsonExport/Allure Salon (UK) Ltd.json,ok,1631,2023-11-22,2024-11-22,72985.14,40633.61,0.0,1.0,5.0,122.0,36.0
JsonExport/Alma Deli Ltd.json,ok,1860,2023-09-11,2024-09-11,5408.0,480390.39,0.0,0.0,0.0,1.0,399.0
JsonExport/Alto Barren Plumbing & Heating Ltd - GetReportByID.json,ok,100,2023-12-22,2024-02-14,3954.67,12970.04,0.0,9.0,0.0,4.0,2.0
JsonExport/Anthony Healthcare Ltd 2nd app - GetReportByID.json,ok,357,2023-08-28,2024-06-19,21845.42,27727.1,0.0,15.0,2.0,17.0,12.0
"JsonExport/Anthony Healthcare Ltd_0,0.json",ok,357,2023-08-28,2024-06-19,21845.42,27727.1,0.0,15.0,2.0,17.0,12.0
JsonExport/Anthony Healthcare Ltd_categorized.json,ok,357,2023-08-28,2024-06-19,21845.42,0.0,0.0,15.0,0.0,19.0,0.0
JsonExport/Anthony transport ltd - GetReportByID.json,ok,68,2023-04-01,2024-03-07,0.0,1327.61,0.0,0.0,0.0,12.0,0.0
JsonExport/Anzin Marketing Ltd.json,ok,74,2024-03-14,2024-09-17,0.0,5586.46,0.0,3.0,0.0,0.0,9.0
JsonExport/Apex Kitchen Limited - GetReportByID (1)(1).json,ok,32,2023-02-26,2024-02-05,1370.0,100.0,0.0,0.0,0.0,0.0,0.0
JsonExport/Apollo Cornwall Travel Limited Transaction Report.json,ok,628,2024-05-10,2024-08-08,12344.2,128990.66,0.0,0.0,0.0,43.0,80.0
JsonExport/Apollo Supermarket.json,ok,383,2024-01-22,2024-06-24,8760.82,38910.61,0.0,0.0,108.0,32.0,106.0
"JsonExport/Apollo Supermarket_1,0.json",ok,383,2024-01-22,2024-06-24,8760.82,38910.61,0.0,0.0,108.0,32.0,106.0
JsonExport/Apprintable Limited Transaction Report.json,ok,2693,2023-08-14,2024-08-12,608613.27,794225.95,0.0,2.0,0.0,322.0,287.0
"JsonExport/Apprintable Limited Transaction Report_0,0.json",ok,2693,2023-08-14,2024-08-12,608613.27,794225.95,0.0,2.0,0.0,322.0,287.0
JsonExport/Apprintable Limited Transaction Report_categorized.json,ok,2693,2023-08-14,2024-08-12,484127.41,0.0,0.0,2.0,0.0,428.0,1.0
JsonExport/Apprintable Limited Transaction Report_cleaned.json,ok,2693,2023-08-14,2024-08-12,608613.27,794225.95,0.0,2.0,0.0,322.0,287.0
"JsonExport/Apprintable Limited Transaction Report_cleaned_0,0.json",ok,2693,2023-08-14,2024-08-12,608613.27,794225.95,0.0,2.0,0.0,322.0,287.0
JsonExport/Arcane Acres Limited - GetReportByID.json,ok,939,2024-04-23,2025-04-23,58040.01,443947.42,0.0,0.0,4.0,68.0,60.0
JsonExport/ARTHUR'S IT SERVICES LIMITED - GetReportByID.json,ok,100,2024-02-20,2024-03-06,0.0,2034.48,0.0,2.0,0.0,4.0,31.0
JsonExport/ARYAANCOMPANY LtD.json,ok,1177,2025-04-08,2026-04-08,24146.55,83433.07,0.0,0.0,18.0,2.0,187.0
JsonExport/AS Cladding and Roofing Ltd.json,ok,100,2024-05-28,2024-06-10,5300.0,1810.1,0.0,0.0,2.0,25.0,1.0
"JsonExport/AS Cladding and Roofing Ltd_0,0.json",ok,100,2024-05-28,2024-06-10,5300.0,1810.1,0.0,0.0,2.0,25.0,1.0
JsonExport/As Derby restaurants ltd.json,ok,2687,2025-03-09,2026-03-09,252244.64,40936.92,0.0,0.0,2.0,25.0,7.0
JsonExport/As You Like It Building Services LTD - GetReportByID.json,ok,100,2024-01-17,2024-03-15,2573.0,5662.64,0.0,0.0,0.0,5.0,3.0
JsonExport/Ashby Street Motors Ltd.json,ok,1022,2024-06-11,2024-11-13,19884.0,591188.84,0.0,4.0,3.0,28.0,135.0
JsonExport/Asmaraltd.json,ok,245,2025-03-10,2025-06-25,0.0,121012.41,0.0,0.0,0.0,2.0,92.0
JsonExport/Aspect Projects - GetReportByID (1)(1).json,ok,100,2024-03-16,2024-04-01,0.0,2486.36,0.0,0.0,0.0,5.0,1.0
JsonExport/Astra Power Generation Limited - GetReportByID.json,ok,70,2023-12-02,2024-02-22,1700.0,18235.09,0.0,0.0,1.0,0.0,4.0
JsonExport/Aurina Ltd.json,ok,2796,2025-02-18,2026-02-18,29840.28,346110.06,0.0,10.0,5.0,368.0,76.0
JsonExport/Auto Repairs Basingstoke Ltd.json,ok,1885,2025-01-02,2026-01-02,45601.64,62384.19,0.0,0.0,11.0,22.0,9.0
JsonExport/AYA & Partners - GetReportByID (1)(1).json,ok,100,2023-12-08,2024-02-28,16354.0,0.0,0.0,0.0,0.0,2.0,0.0
JsonExport/Ayaz Tyres & Wheels ltd.json,ok,1114,2024-12-16,2025-12-16,23489.82,67398.49,0.0,1.0,3.0,141.0,8.0
JsonExport/Baby ultrasound clinic limited.json,ok,5846,2024-10-07,2025-10-06,2963.74,637731.65,0.0,1.0,0.0,229.0,2384.0
JsonExport/Baig Halal Butcher ltd - GetReportByID.json,ok,474,2024-11-20,2025-04-23,4250.0,320717.98,0.0,3.0,2.0,81.0,121.0
JsonExport/Baig halal butcher ltd.json,ok,781,2024-11-20,2025-07-07,9450.0,435653.24,0.0,12.0,2.0,134.0,168.0
JsonExport/BBD Services Ltd Transaction Report.json,ok,526,2023-08-17,2024-08-16,1096128.82,759103.77,0.0,0.0,0.0,18.0,104.0
"JsonExport/BBD Services Ltd Transaction Report_0,0.json",ok,526,2023-08-17,2024-08-16,1096128.82,759103.77,0.0,0.0,0.0,18.0,104.0
JsonExport/BD HEALTH SOLUTIONS LTD - GetReportByID.json,ok,90,2023-03-17,2024-03-11,350.72,15997.33,0.0,0.0,0.0,0.0,5.0
JsonExport/Beddoes removals and stotage.json,ok,2320,2025-02-11,2026-02-10,44731.57,183735.23,0.0,24.0,2.0,44.0,63.0
JsonExport/Bedew Skin Ltd(1).json,ok,1092,2024-06-17,2025-04-04,30121.91,50867.31,0.0,0.0,52.0,39.0,65.0
JsonExport/Bedew Skin Ltd.json,ok,2160,2023-07-24,2024-07-24,137659.2,84474.11,0.0,12.0,221.0,92.0,271.0
"JsonExport/Bedew Skin Ltd_0,0.json",ok,2160,2023-07-24,2024-07-24,137659.2,84474.11,0.0,12.0,221.0,92.0,271.0
JsonExport/Bedew Skin Ltd_categorized.json,ok,2160,2023-07-24,2024-07-24,132791.62,0.0,0.0,12.0,211.0,118.0,5.0
JsonExport/Befirst Constructions Ltd - Transaction Report.json,ok,717,2023-09-15,2024-07-25,94090.64,25207.65,0.0,0.0,28.0,26.0,20.0
"JsonExport/Befirst Constructions Ltd - Transaction Report_0,0.json",ok,717,2023-09-15,2024-07-25,94090.64,25207.65,0.0,0.0,28.0,26.0,20.0
JsonExport/Befirst Constructions Ltd - Transaction Report_categorized.json,ok,717,2023-09-15,2024-07-25,94090.64,0.0,0.0,0.0,0.0,54.0,0.0
JsonExport/Beforethefall - GetReportByID.json,ok,2179,2023-07-10,2024-07-08,12866.61,87195.4,0.0,1.0,0.0,30.0,23.0
"JsonExport/Beforethefall_0,0.json",ok,2179,2023-07-10,2024-07-08,12866.61,87195.4,0.0,1.0,0.0,30.0,23.0
JsonExport/Beforethefall_categorized.json,ok,2179,2023-07-10,2024-07-08,11556.32,0.0,0.0,1.0,0.0,81.0,0.0
JsonExport/Besachkarma Limited.json,ok,1811,2023-08-05,2024-08-04,34688.0,106599.03,0.0,0.0,0.0,34.0,733.0
"JsonExport/Besachkarma Limited_0,0.json",ok,1811,2023-08-05,2024-08-04,34688.0,106599.03,0.0,0.0,0.0,34.0,733.0
JsonExport/Besachkarma Limited_categorized.json,ok,1811,2023-08-05,2024-08-04,34688.0,0.0,0.0,0.0,0.0,34.0,1.0
JsonExport/Beyond Social Media (UK) Ltd.json,ok,928,2023-10-03,2024-10-03,241.06,83910.48,0.0,0.0,0.0,29.0,331.0
JsonExport/Big bro bao ltd.json,ok,3369,2024-04-01,2025-04-01,177575.74,172704.11,0.0,52.0,9.0,105.0,115.0
JsonExport/Bistro bites ltd.json,ok,413,2025-09-25,2026-03-19,0.0,32332.86,0.0,0.0,0.0,1.0,102.0
JsonExport/BK Maintenance Services Limited - GetReportByID (1)(1).json,ok,100,2023-12-25,2024-02-05,253.96,6847.77,0.0,0.0,2.0,18.0,4.0
JsonExport/BLACKFEN FOOD LTD.json,ok,1154,2025-04-03,2025-08-26,106607.46,27569.87,0.0,25.0,42.0,28.0,17.0
JsonExport/Blisshealth Concepts Limited.json,ok,314,2023-09-12,2024-09-11,3607.69,51382.33,0.0,0.0,0.0,38.0,21.0
"JsonExport/Blisshealth Concepts Limited_0,0.json",ok,314,2023-09-12,2024-09-11,3607.69,51382.33,0.0,0.0,0.0,38.0,21.0
JsonExport/Blossom Ladies Boutiques ltd - GetReportByID.json,ok,100,2023-12-11,2024-01-29,10402.97,1695.89,0.0,2.0,1.0,14.0,1.0
JsonExport/BLOSSOM SALON LTD.json,ok,584,2024-11-26,2025-11-25,45119.32,10210.15,0.0,0.0,1.0,7.0,22.0
JsonExport/Boiler solution cover uk - GetReportByID.json,ok,1640,2024-07-10,2025-05-02,24821.99,167051.56,0.0,0.0,0.0,113.0,73.0
JsonExport/Boiler solution cover uk - GetReportByID1.json,ok,1654,2024-07-10,2025-05-06,25923.99,169101.38,0.0,0.0,0.0,115.0,73.0
JsonExport/Boiler Solutions Cover uk LTD - GetReportByID.json,ok,1380,2024-07-10,2025-03-17,20182.52,141007.22,0.0,0.0,0.0,86.0,63.0
JsonExport/Boiler Solutions Cover UK.json,ok,2025,2024-07-22,2025-07-21,26351.95,196140.2,0.0,18.0,1.0,231.0,77.0
JsonExport/Bottom Line Consultants Ltd.json,ok,403,2023-09-12,2024-09-12,105418.75,78824.0,0.0,0.0,5.0,10.0,19.0
"JsonExport/Bottom Line Consultants Ltd_0,0.json",ok,403,2023-09-12,2024-09-12,105418.75,78824.0,0.0,0.0,5.0,10.0,19.0
JsonExport/Bound Studios Ltd - GetReportByID (1)(1).json,ok,1786,2024-06-03,2025-05-26,10985.12,157283.19,0.0,0.0,5.0,89.0,208.0
JsonExport/Bound Studios Ltd App 2.json,ok,1742,2024-03-27,2025-03-27,11070.53,172289.15,0.0,0.0,3.0,56.0,203.0
JsonExport/Bound Studios Ltd App 2020425.json,ok,1742,2024-04-03,2025-04-02,11070.53,158790.58,0.0,0.0,3.0,58.0,199.0
JsonExport/Bound Studios Ltd OB 2.json,ok,1743,2024-03-06,2025-03-06,10355.1,183259.63,0.0,0.0,4.0,53.0,201.0
JsonExport/Bound Studios Ltd.json,ok,1738,2024-03-05,2025-03-04,10433.25,182845.59,0.0,0.0,4.0,53.0,202.0
JsonExport/Bramble and Willow Ltd.json,ok,743,2023-09-25,2024-09-11,34084.64,138757.52,0.0,0.0,0.0,11.0,187.0
"JsonExport/Bramble and Willow Ltd_0,0.json",ok,743,2023-09-25,2024-09-11,34084.64,138757.52,0.0,0.0,0.0,11.0,187.0
JsonExport/Brandin Agency - GetReportByID.json,ok,100,2024-04-01,2024-04-17,1917.78,1460.13,0.0,0.0,2.0,5.0,5.0
JsonExport/Brazilian cleaning essential Ltd app 2.json,ok,1530,2024-11-28,2025-11-19,230006.28,535151.39,134.0,2.0,2.0,49.0,215.0
JsonExport/Brazilian cleaning essential ltd.json,ok,909,2024-11-14,2025-08-18,168753.38,168684.0,0.0,2.0,0.0,28.0,87.0
JsonExport/Brookhouse Hypnotherapy Ltd.json,ok,1398,2024-04-02,2024-09-24,2100.98,77037.6,0.0,0.0,0.0,24.0,101.0
JsonExport/Brunch Munch Poole ltd - GetReportByID.json,ok,100,2024-01-29,2024-02-04,290.0,1079.09,0.0,0.0,0.0,1.0,9.0
JsonExport/BTWBTW Ltd.json,ok,527,2024-03-28,2024-06-28,1391.12,92276.72,0.0,0.0,24.0,4.0,97.0
"JsonExport/BTWBTW Ltd_0,0.json",ok,527,2024-03-28,2024-06-28,1391.12,92276.72,0.0,0.0,24.0,4.0,97.0
JsonExport/Bubastore LTD - GetReportByID (1)(1).json,ok,6,2024-03-13,2024-03-17,0.0,1.49,0.0,0.0,0.0,0.0,0.0
JsonExport/Bubble Waffle Limited - GetReportByID (1)(1).json,ok,100,2023-12-26,2024-03-19,0.0,3939.98,0.0,5.0,0.0,6.0,1.0
JsonExport/Bubblegum brats limited - GetReportByID.json,ok,207,2025-03-18,2025-05-21,625.0,7688.81,0.0,0.0,0.0,0.0,3.0
JsonExport/BUHARY CONSTRUCTIONS LTD - GetReportByID.json,ok,302,2024-10-11,2025-04-15,0.0,51933.35,0.0,0.0,0.0,16.0,11.0
JsonExport/Bulgarian Food Pirin Ltd.json,ok,764,2023-10-24,2024-10-24,35603.46,102764.99,0.0,0.0,0.0,20.0,45.0
JsonExport/Bunker Publishing.json,ok,1802,2023-06-24,2024-06-24,47904.85,83393.5,0.0,0.0,1.0,390.0,94.0
"JsonExport/Bunker Publishing_0,0.json",ok,1802,2023-06-24,2024-06-24,47904.85,83393.5,0.0,0.0,1.0,390.0,94.0
JsonExport/Bunker Publishing_categorized.json,ok,1802,2023-06-24,2024-06-24,47904.85,0.0,0.0,0.0,0.0,391.0,0.0
JsonExport/By Old Ltd Transaction Report.json,ok,1673,2023-08-19,2024-08-16,20719.53,4209098.58,0.0,1.0,11.0,26.0,38.0
"JsonExport/By Old Ltd Transaction Report_0,0.json",ok,1673,2023-08-19,2024-08-16,20719.53,4209098.58,0.0,1.0,11.0,26.0,38.0
JsonExport/Cakes by Aleina Ltd.json,ok,790,2024-03-03,2024-12-09,2776.77,58297.86,0.0,0.0,0.0,35.0,2.0
JsonExport/Camliamo London Ltd - Transaction Report.json,ok,1905,2023-08-12,2024-08-07,20346.0,17760.69,0.0,0.0,0.0,3.0,11.0
JsonExport/Canny fast car solutions Ltd.json,ok,37,2025-10-29,2026-01-16,6700.52,7132.9,0.0,0.0,0.0,2.0,1.0
JsonExport/Car Connect Rentals.json,ok,147,2025-02-06,2025-07-12,99.0,19251.0,0.0,0.0,1.0,8.0,10.0
JsonExport/Carter Locksmiths - GetReportByID.json,ok,100,2024-02-21,2024-03-06,0.0,4141.6,0.0,0.0,0.0,0.0,1.0
JsonExport/CDS Wholesale Limited.json,ok,456,2025-04-25,2025-08-27,7091.58,37382.51,0.0,0.0,4.0,7.0,37.0
JsonExport/Ceiling Suppliers Transaction Report.json,ok,542,2023-08-03,2024-07-25,37585.96,44441.59,0.0,0.0,0.0,18.0,13.0
"JsonExport/Ceiling Suppliers Transaction Report_0,0.json",ok,542,2023-08-03,2024-07-25,37585.96,44441.59,0.0,0.0,0.0,18.0,13.0
JsonExport/Ceiling Suppliers Transaction Report_categorized.json,ok,542,2023-08-03,2024-07-25,37585.96,0.0,0.0,0.0,0.0,18.0,0.0
JsonExport/Cellor Shades.json,ok,5601,2024-09-29,2025-09-29,850.64,116943.74,0.0,0.0,5.0,86.0,285.0
JsonExport/Cetin barber beauty ltd - GetReportByID (1)(1).json,ok,585,2024-04-17,2025-04-16,38804.49,35830.17,0.0,1.0,5.0,19.0,8.0
JsonExport/Cetin barber beauty ltd.json,ok,613,2024-09-17,2025-09-16,36517.97,45659.58,0.0,1.0,3.0,17.0,13.0
JsonExport/champagne one ltd.json,ok,2059,2024-10-01,2025-10-01,119876.52,532747.72,0.0,40.0,13.0,302.0,145.0
JsonExport/Charles Bread Limited.json,ok,4771,2023-08-29,2024-08-29,293702.75,920033.51,0.0,1.0,1.0,126.0,432.0
JsonExport/CHEERS&CHILL LIMITED.json,ok,1714,2025-01-13,2026-01-12,293402.93,99237.69,0.0,3.0,21.0,200.0,83.0
JsonExport/Chillbeam Limited Ob 2.json,ok,468,2024-09-17,2025-02-19,642.66,41264.44,0.0,0.0,0.0,6.0,34.0
JsonExport/Chillbeam Limited.json,ok,453,2024-09-17,2025-02-13,642.66,38290.63,0.0,0.0,0.0,6.0,29.0
JsonExport/chilli too limited.json,ok,2208,2025-04-08,2025-09-11,8795.28,205002.86,0.0,0.0,0.0,16.0,393.0
JsonExport/Chocholivenetworks201.json,ok,938,2023-09-04,2024-09-02,48.8,6669.39,0.0,82.0,1.0,67.0,1.0
JsonExport/Christ Advocates Church Ltd Transaction Report.json,ok,75,2024-05-10,2024-08-02,0.0,19215.07,0.0,0.0,1.0,0.0,7.0
JsonExport/Class barber sw Ltd.json,ok,882,2024-09-02,2025-09-02,103738.46,33378.3,0.0,0.0,17.0,32.0,19.0
JsonExport/Cleaner Than Ever Norbury Ltd.json,ok,5404,2025-02-06,2026-02-06,316748.82,88302.35,0.0,0.0,3.0,162.0,16.0
JsonExport/COAST 2 COAST ( HALIFAX) LTD - GetReportByID.json,ok,1518,2024-05-16,2025-05-16,14757.59,54029.89,0.0,12.0,1.0,66.0,4.0
JsonExport/Coasties Collectables Ltd.json,ok,441,2025-12-18,2026-03-20,17552.18,13325.69,0.0,0.0,1.0,9.0,17.0
JsonExport/Cola Ship Limited - GetReportByID.json,ok,996,2024-09-03,2025-06-02,830.67,404574.79,0.0,0.0,0.0,19.0,340.0
JsonExport/Company Name VISA & IT Ltd - GetReportByID.json,ok,199,2023-07-10,2024-07-08,3785.4,6954.68,0.0,0.0,0.0,14.0,15.0
JsonExport/Coordinate Saas Ltd.json,ok,1640,2024-02-05,2025-02-04,516774.45,1265953.92,0.0,5.0,11.0,175.0,141.0
JsonExport/CoreERP Solutions.json,ok,354,2024-03-04,2024-09-09,108144.83,154065.51,0.0,0.0,1.0,5.0,9.0
"JsonExport/CoreERP Solutions_0,0.json",ok,354,2024-03-04,2024-09-09,108144.83,154065.51,0.0,0.0,1.0,5.0,9.0
JsonExport/Crazy Daisy's - GetReportByID (1)(1).json,ok,100,2024-03-05,2024-03-13,582.61,3211.63,0.0,0.0,1.0,0.0,1.0
JsonExport/Creative Plus Media Ltd.json,ok,1420,2025-03-05,2025-10-02,6955.89,92978.86,0.0,0.0,0.0,40.0,77.0
JsonExport/Creativo Oculus - GetReportByID.json,ok,1571,2024-05-02,2025-05-02,288.99,52474.25,0.0,4.0,0.0,25.0,17.0
JsonExport/Crownstep Limited - GetReportByID.json,ok,100,2023-11-22,2024-04-15,287.47,6169.93,0.0,0.0,0.0,5.0,3.0
JsonExport/Crunch Group Ltd Transaction Report.json,ok,269,2023-08-25,2024-07-23,0.0,23698.89,0.0,0.0,0.0,0.0,0.0
"JsonExport/Crunch Group Ltd Transaction Report_0,0.json",ok,269,2023-08-25,2024-07-23,0.0,23698.89,0.0,0.0,0.0,0.0,0.0
JsonExport/Crunch Group Ltd Transaction Report_categorized.json,ok,269,2023-08-25,2024-07-23,0.0,0.0,0.0,0.0,0.0,0.0,0.0
JsonExport/CS Sport.json,ok,1623,2023-06-19,2024-06-19,3939.03,192869.25,0.0,0.0,1.0,47.0,174.0
JsonExport/CS Sports.json,ok,100,2024-04-10,2024-05-01,442.77,13756.66,0.0,0.0,0.0,3.0,6.0
"JsonExport/CS Sport_1,0.json",ok,1623,2023-06-19,2024-06-19,3939.03,192869.25,0.0,0.0,1.0,47.0,174.0
JsonExport/CS Sport_categorized.json,ok,1623,2023-06-19,2024-06-19,3262.0,0.0,0.0,0.0,7.0,63.0,0.0
JsonExport/csi interiors - Transaction Report.json,ok,100,2024-01-12,2024-02-20,10313.0,2118.68,0.0,0.0,15.0,2.0,13.0
JsonExport/Custom Car Paint LTD.json,ok,436,2024-09-03,2025-08-26,47001.32,12295.48,0.0,0.0,0.0,8.0,3.0
JsonExport/D & C Couriers Ltd app 3.json,ok,174,2025-04-09,2026-04-07,0.0,77766.48,0.0,0.0,0.0,9.0,13.0
JsonExport/D&C Couriers Limited.json,ok,64,2024-05-12,2024-08-05,0.0,21661.13,0.0,0.0,0.0,4.0,5.0
"JsonExport/D&C Couriers Limited_1,0.json",ok,64,2024-05-12,2024-08-05,0.0,21661.13,0.0,0.0,0.0,4.0,5.0
JsonExport/D&C Couriers Limited_categorized.json,ok,64,2024-05-12,2024-08-05,0.0,0.0,0.0,0.0,0.0,4.0,0.0
JsonExport/D&C Couriers Ltd - GetReportByID.json,ok,212,2024-06-03,2025-05-30,0.0,87786.46,0.0,0.0,1.0,7.0,18.0
JsonExport/D&C Couriers Ltd app 2.json,ok,205,2023-11-17,2024-11-15,0.0,99376.98,0.0,0.0,1.0,7.0,20.0
JsonExport/D&C Couriers Ltd app 3.json,ok,207,2024-11-08,2025-11-03,0.0,81828.77,0.0,0.0,0.0,2.0,14.0
JsonExport/D&C Couriers Ltd Original.json,ok,1408,2023-11-20,2024-11-18,71.88,101700.0,0.0,33.0,0.0,91.0,25.0
JsonExport/D&C Couriers Orginal Bank acc.json,ok,202,2023-12-03,2024-11-16,0.0,93918.9,0.0,0.0,1.0,7.0,19.0
JsonExport/DAR Hire London Ltd.json,ok,1135,2025-04-22,2026-04-22,105992.19,29306.21,0.0,7.0,5.0,63.0,11.0
JsonExport/Data4est LTD - Transaction Report.json,ok,100,2024-02-21,2024-03-06,861.04,8354.68,0.0,0.0,2.0,6.0,1.0
"JsonExport/Data4est Ltd_0,0.json",ok,100,2024-02-21,2024-03-06,861.04,8354.68,0.0,0.0,2.0,6.0,1.0
JsonExport/Data4est Ltd_categorized.json,ok,100,2024-02-21,2024-03-06,861.04,0.0,0.0,0.0,1.0,9.0,0.0
JsonExport/Davaro limited.json,ok,562,2025-08-01,2026-01-12,32.0,63566.93,0.0,0.0,1.0,5.0,8.0
JsonExport/Del Castillo Latin Productions LTD - GetReportByID.json,ok,77,2025-03-20,2025-05-04,300.0,11750.0,0.0,0.0,0.0,9.0,2.0
JsonExport/Delche Gaming LTD - GetReportByID.json,ok,2451,2024-03-24,2025-03-24,38620.51,170742.31,0.0,0.0,2.0,94.0,89.0
JsonExport/Deli Ice Limited - GetReportByID.json,ok,2007,2023-07-22,2024-07-21,8813.2,13378.94,0.0,9.0,0.0,6.0,462.0
"JsonExport/Deli Ice Limited_0,0.json",ok,2007,2023-07-22,2024-07-21,8813.2,13378.94,0.0,9.0,0.0,6.0,462.0
JsonExport/Deluxe Lounge - GetReportByID.json,ok,3083,2023-07-17,2024-07-16,5626.97,142170.47,0.0,0.0,14.0,45.0,42.0
"JsonExport/Deluxe Lounge_0,0.json",ok,3083,2023-07-17,2024-07-16,5626.97,142170.47,0.0,0.0,14.0,45.0,42.0
JsonExport/Denteuropa Limited - Transaction Report.json,ok,100,2024-03-20,2024-04-03,12600.05,27906.87,0.0,0.0,0.0,17.0,18.0
JsonExport/Dentouch Limited.json,ok,2974,2023-09-05,2024-09-05,322610.62,264461.76,0.0,6.0,4.0,459.0,87.0
JsonExport/DHG E-Commerce Ltd - GetReportByID.json,ok,2983,2024-05-20,2025-05-20,244733.61,89258.66,0.0,0.0,9.0,83.0,15.0
JsonExport/DIAMOND BRICKWORK AND GROUNDWORKS LTD - GetReportByID.json,ok,1109,2024-05-16,2025-05-16,3426.46,81891.25,0.0,0.0,8.0,9.0,37.0
JsonExport/Differencesnotdisabilities.json,ok,1618,2025-04-11,2026-04-10,34293.29,31993.2,0.0,0.0,8.0,27.0,13.0
JsonExport/Diva Hair Studio Ltd.json,ok,532,2025-02-14,2025-08-11,920.0,18902.97,0.0,0.0,0.0,5.0,126.0
JsonExport/DJC Trading Spirits Ltd Transaction Report.json,ok,690,2023-07-31,2024-07-29,44342.56,58054.42,0.0,0.0,5.0,116.0,9.0
JsonExport/DKC Menswear Ltd.json,ok,728,2025-04-15,2026-04-15,60857.34,46742.9,0.0,1.0,10.0,24.0,20.0
JsonExport/DLC lighting limited - Transaction Report.json,ok,100,2024-02-26,2024-03-28,4491.26,7450.79,0.0,2.0,4.0,4.0,2.0
JsonExport/DLC Lighting Ltd - GetReportByID.json,ok,1022,2023-07-05,2024-07-05,92632.07,33945.93,0.0,14.0,8.0,85.0,9.0
"JsonExport/DLC Lighting Ltd_0,0.json",ok,1022,2023-07-05,2024-07-05,92632.07,33945.93,0.0,14.0,8.0,85.0,9.0
JsonExport/Dottie dances ltd.json,ok,684,2025-05-22,2026-01-14,6324.38,16240.5,0.0,0.0,3.0,4.0,44.0
JsonExport/Drillskillz Consults Limited - GetReportByID (1)(1).json,ok,529,2023-06-27,2024-06-26,13034.8,45205.77,0.0,0.0,1.0,47.0,11.0
JsonExport/Drillskillz Consults Limited - GetReportByID.json,ok,529,2023-06-28,2024-06-28,13034.8,41705.77,0.0,0.0,1.0,47.0,10.0
"JsonExport/Drillskillz Consults Limited_0,0.json",ok,529,2023-06-28,2024-06-28,13034.8,41705.77,0.0,0.0,1.0,47.0,10.0
JsonExport/Drillskillz Consults Limited_categorized.json,ok,529,2023-06-28,2024-06-28,13034.8,0.0,0.0,0.0,0.0,48.0,0.0
JsonExport/DRIVESNAP LIMITED - GetReportByID.json,ok,462,2024-10-21,2025-05-13,17.98,19093.73,0.0,0.0,2.0,24.0,8.0
JsonExport/DRP decorators ltd.json,ok,287,2025-02-28,2026-02-27,176913.2,32560.0,0.0,0.0,1.0,37.0,3.0
JsonExport/DTS Materials Ltd - Transaction Report.json,ok,100,2024-01-24,2024-02-01,0.0,4579.04,0.0,0.0,0.0,3.0,1.0
"JsonExport/DTS Materials Ltd_0,0.json",ok,100,2024-01-24,2024-02-01,0.0,4579.04,0.0,0.0,0.0,3.0,1.0
JsonExport/Due Auto Motive LTD.json,ok,1139,2024-12-11,2025-12-10,17210.03,88669.74,0.0,4.0,22.0,5.0,37.0
JsonExport/Dybo Travel Limited.json,ok,226,2025-02-26,2025-08-05,17280.75,34801.41,0.0,0.0,0.0,2.0,15.0
JsonExport/E & R IRVING FISHMONGERS LTD.json,ok,341,2025-10-25,2026-05-19,50353.41,20561.93,0.0,0.0,11.0,22.0,7.0
JsonExport/E-gener8.com.json,ok,2153,2023-09-09,2024-09-07,272083.28,1419915.02,0.0,0.0,18.0,110.0,276.0
"JsonExport/E-gener8.com_0,0.json",ok,2153,2023-09-09,2024-09-07,272083.28,1419915.02,0.0,0.0,18.0,110.0,276.0
JsonExport/Echo & Ink.json,ok,284,2025-10-05,2026-05-05,5515.94,2038.69,0.0,0.0,0.0,0.0,1.0
JsonExport/ECO HOME ENHANCEMENTS LTD - GetReportByID.json,ok,862,2024-10-30,2025-05-27,11596.5,109700.0,0.0,0.0,2.0,16.0,33.0
JsonExport/ED MUNIZ SERVICES LTD - GetReportByID.json,ok,589,2024-12-05,2025-05-13,11083.05,30222.24,0.0,0.0,0.0,4.0,10.0
JsonExport/Elar One Ltd.json,ok,578,2024-06-20,2025-01-27,375.69,33304.75,0.0,0.0,2.0,108.0,109.0
JsonExport/ELIJA LIMITED.json,ok,2616,2025-03-27,2026-03-24,16579.43,101106.93,32.0,0.0,37.0,82.0,95.0
JsonExport/Ellevate Limited - GetReportByID (1)(1).json,ok,382,2024-05-29,2025-05-27,47201.0,56167.32,0.0,0.0,0.0,8.0,98.0
JsonExport/Ellevate Limited - GetReportByID 050625.json,ok,377,2024-06-05,2025-06-02,47901.0,55358.89,0.0,0.0,0.0,9.0,97.0
JsonExport/Ellevate Limited - GetReportByID 3.json,ok,388,2024-05-03,2025-05-01,41451.0,49168.37,0.0,0.0,0.0,7.0,99.0
JsonExport/Ellevate Limited - GetReportByID1.json,ok,385,2024-04-28,2025-04-26,40051.0,49708.11,0.0,0.0,0.0,7.0,100.0
JsonExport/Ellevate Limited - GetReportByID2.json,ok,389,2024-05-01,2025-05-01,41451.0,49708.11,0.0,0.0,0.0,7.0,100.0
JsonExport/Ellevate Limited.json,ok,384,2024-04-24,2025-04-23,40051.0,49568.08,0.0,0.0,0.0,7.0,99.0
JsonExport/Ellevate Ltd.json,ok,382,2024-05-22,2025-05-02,46701.0,56333.24,0.0,0.0,0.0,7.0,99.0
JsonExport/Elm Pub Group Ltd TA As The Bull Inn.json,ok,295,2024-03-28,2024-09-04,12440.54,123071.73,0.0,0.0,16.0,14.0,35.0
"JsonExport/Elm Pub Group Ltd TA As The Bull Inn_0,0.json",ok,295,2024-03-28,2024-09-04,12440.54,123071.73,0.0,0.0,16.0,14.0,35.0
JsonExport/Elm Pub Group Ltd TA As The Bull Inn_categorized.json,ok,295,2024-03-28,2024-09-04,12694.54,0.0,0.0,0.0,0.0,30.0,2.0
JsonExport/Elpromotions Limited - Transaction Report.json,ok,100,2024-02-07,2024-03-04,1031.96,3818.1,0.0,0.0,1.0,4.0,3.0
"JsonExport/Elpromotions Limited_0,0.json",ok,100,2024-02-07,2024-03-04,1031.96,3818.1,0.0,0.0,1.0,4.0,3.0
JsonExport/Elpromotions Limited_categorized.json,ok,100,2024-02-07,2024-03-04,946.81,0.0,0.0,0.0,0.0,6.0,0.0
JsonExport/Els Management Ltd.json,ok,1794,2023-09-10,2024-09-10,12522.82,196551.53,0.0,0.0,2.0,87.0,64.0
"JsonExport/Els Management Ltd_0,0.json",ok,1794,2023-09-10,2024-09-10,12522.82,196551.53,0.0,0.0,2.0,87.0,64.0
JsonExport/Els Management Ltd_categorized.json,ok,1794,2023-09-10,2024-09-10,12522.82,196551.53,0.0,0.0,2.0,87.0,64.0
"JsonExport/Els Management Ltd_categorized_0,0.json",ok,1794,2023-09-10,2024-09-10,12522.82,196551.53,0.0,0.0,2.0,87.0,64.0
JsonExport/Elsco Private Limited - Transaction Report.json,ok,100,2024-06-04,2024-06-17,1054.92,101.5,0.0,0.0,0.0,9.0,0.0
"JsonExport/Elsco Private Limited_0,0.json",ok,100,2024-06-04,2024-06-17,1054.92,101.5,0.0,0.0,0.0,9.0,0.0
JsonExport/Elsco Private Limited_categorized.json,ok,100,2024-06-04,2024-06-17,1054.92,0.0,0.0,0.0,0.0,9.0,0.0
JsonExport/EMP MOTORS LTD.json,ok,1630,2024-08-19,2025-08-06,18340.77,292057.21,0.0,4.0,3.0,106.0,117.0
JsonExport/Ephos Group Transaction Report.json,ok,541,2023-08-01,2024-08-01,0.0,362960.0,0.0,3.0,0.0,64.0,64.0
JsonExport/Equinim.json,ok,2697,2025-05-29,2026-04-19,30753.37,206227.49,0.0,0.0,0.0,45.0,46.0
JsonExport/Erfan Carpet.json,ok,318,2024-02-09,2025-01-27,25312.0,2025.66,0.0,0.0,0.0,3.0,18.0
JsonExport/Evopure Ltd.json,ok,916,2024-09-27,2025-09-26,33160.24,174397.6,0.0,1.0,2.0,45.0,43.0
JsonExport/Faith & Love nursery Ltd.json,ok,1088,2024-12-24,2025-12-23,65680.76,30820.4,0.0,2.0,3.0,64.0,11.0
JsonExport/Farm to Fridge Ltd.json,ok,2521,2024-10-14,2025-10-06,10350.64,71238.38,0.0,0.0,7.0,15.0,20.0
JsonExport/firstunicorn ltd.json,ok,14,2026-03-16,2026-05-08,5223.05,50.0,0.0,0.0,0.0,0.0,0.0
JsonExport/Flight training essex LTD - Transaction Report.json,ok,100,2024-01-26,2024-03-17,0.0,10755.86,0.0,0.0,0.0,4.0,3.0
"JsonExport/Flight Training Essex ltd_0,0.json",ok,199,2023-07-10,2024-07-08,3785.4,6954.68,0.0,0.0,0.0,14.0,15.0
JsonExport/Foolgood Salons Ltd.json,ok,625,2024-05-03,2024-09-26,0.0,61997.17,0.0,0.0,32.0,8.0,5.0
JsonExport/Forty3 Media.json,ok,2811,2024-06-30,2025-06-30,50023.55,22204.94,0.0,0.0,2.0,101.0,8.0
JsonExport/Four Paws app1.json,ok,3230,2023-07-08,2024-07-07,137800.11,492370.29,0.0,0.0,8.0,77.0,219.0
JsonExport/Four Paws app3.json,ok,4382,2023-11-04,2024-11-03,127314.47,629671.56,0.0,0.0,5.0,149.0,267.0
JsonExport/Four Paws Walking and Training Limited app 4.json,ok,3183,2024-02-12,2025-02-11,88680.58,556005.73,0.0,0.0,5.0,129.0,237.0
JsonExport/Four Paws Walking And Training Ltd app 4.json,ok,1022,2025-03-06,2025-11-12,74416.83,444514.41,0.0,0.0,1.0,54.0,183.0
JsonExport/Four Paws Walking and Training Ltd app 5.json,ok,123,2025-03-06,2025-04-07,20575.44,106507.78,0.0,0.0,0.0,5.0,22.0
JsonExport/Four Paws Walking and Training Ltd App2.json,ok,3453,2023-08-23,2024-08-23,122381.42,558062.39,0.0,0.0,4.0,103.0,238.0
"JsonExport/Four Paws Walking and Training Ltd App2_1,1.json",ok,3453,2023-08-23,2024-08-23,122381.42,558062.39,0.0,0.0,4.0,103.0,238.0
JsonExport/Four Paws Walking and Training Ltd App2_categorized.json,ok,3453,2023-08-23,2024-08-23,122372.48,0.0,0.0,0.0,1.0,366.0,0.0
"JsonExport/Four Paws Walking and Training Ltd_1,1.json",ok,3230,2023-07-08,2024-07-07,137800.11,492370.29,0.0,0.0,8.0,77.0,219.0
JsonExport/Four the Willows Ltd - Transaction Report.json,ok,100,2024-03-30,2024-04-15,400.0,9758.32,0.0,0.0,0.0,0.0,28.0
"JsonExport/Four the Willows Ltd_0,0.json",ok,100,2024-03-30,2024-04-15,400.0,9758.32,0.0,0.0,0.0,0.0,28.0
JsonExport/French Sole Limited.json,ok,847,2024-02-21,2025-01-02,15706.38,149277.91,0.0,0.0,0.0,31.0,304.0
JsonExport/French sole Ltd - Transaction Report.json,ok,39,2024-02-21,2024-03-11,141.72,14429.02,0.0,0.0,0.0,0.0,19.0
JsonExport/French Sole Ltd.json,ok,39,2024-02-21,2024-03-11,141.72,14429.02,0.0,0.0,0.0,0.0,19.0
"JsonExport/French Sole Ltd_0,0.json",ok,39,2024-02-21,2024-03-11,141.72,14429.02,0.0,0.0,0.0,0.0,19.0
JsonExport/French Sole Ltd_categorized.json,ok,39,2024-02-21,2024-03-11,0.0,0.0,0.0,0.0,0.0,1.0,0.0
JsonExport/FS Fashionista Ltd.json,ok,8020,2023-06-24,2024-06-24,90341.09,190064.64,0.0,0.0,1.0,15.0,240.0
"JsonExport/FS Fashionista Ltd_0,0.json",ok,8020,2023-06-24,2024-06-24,90341.09,190064.64,0.0,0.0,1.0,15.0,240.0
JsonExport/FT Fitness LTD.json,ok,3341,2024-09-24,2025-09-24,40225.04,804198.13,0.0,0.0,6.0,139.0,784.0
JsonExport/Fugazzo Trading Limited Transaction Report.json,ok,218,2023-08-02,2024-08-02,40116.84,3449.98,0.0,0.0,3.0,91.0,1.0
JsonExport/Funk up Events limited.json,ok,1719,2025-04-14,2026-04-13,46899.63,10998.67,0.0,1.0,0.0,0.0,3.0
JsonExport/Furfamilyfair Ltd.json,ok,1061,2023-07-24,2024-07-22,2851.06,79504.3,0.0,2.0,0.0,47.0,4.0
"JsonExport/Furfamilyfair Ltd_0,0.json",ok,1061,2023-07-24,2024-07-22,2851.06,79504.3,0.0,2.0,0.0,47.0,4.0
JsonExport/Furfamilyfair Ltd_categorized.json,ok,1061,2023-07-24,2024-07-22,2851.06,0.0,0.0,2.0,0.0,47.0,0.0
JsonExport/FusionPrint UK Ltd.json,ok,630,2024-07-03,2025-06-29,32027.79,141604.5,0.0,0.0,127.0,81.0,88.0
JsonExport/Future Analytics Ltd - GetReportByID.json,ok,505,2023-08-23,2024-07-22,2560.27,150615.34,0.0,1.0,0.0,12.0,51.0
"JsonExport/Future Analytics Ltd_0,0.json",ok,505,2023-08-23,2024-07-22,2560.27,150615.34,0.0,1.0,0.0,12.0,51.0
JsonExport/Future Analytics Ltd_categorized.json,ok,505,2023-08-23,2024-07-22,2560.27,0.0,0.0,1.0,0.0,12.0,2.0
JsonExport/Fylde conservation Ltd - GetReportByID.json,ok,966,2023-06-27,2024-06-27,62263.83,91732.91,0.0,0.0,0.0,52.0,22.0
"JsonExport/Fylde Conservation Ltd_0,0.json",ok,966,2023-06-27,2024-06-27,62263.83,91732.91,0.0,0.0,0.0,52.0,22.0
JsonExport/Gas Records.json,ok,234,2023-11-22,2024-09-04,9417.2,17498.4,0.0,15.0,3.0,7.0,31.0
"JsonExport/Gas Records_0,0.json",ok,234,2023-11-22,2024-09-04,9417.2,17498.4,0.0,15.0,3.0,7.0,31.0
JsonExport/Gas Records_categorized.json,ok,234,2023-11-22,2024-09-04,9417.2,0.0,0.0,15.0,0.0,10.0,0.0
JsonExport/GC Bike Repairs Ltd - App3 - GetReportByID.json,ok,2452,2024-04-28,2025-04-28,199987.56,209190.75,0.0,1.0,2.0,152.0,43.0
JsonExport/GC Bike Repairs Ltd 2.json,ok,2340,2023-09-30,2024-09-30,218642.86,246819.66,0.0,0.0,0.0,122.0,61.0
JsonExport/GC Bike Repairs Ltd 3.json,ok,2422,2023-10-14,2024-10-14,220979.67,260647.28,0.0,0.0,1.0,121.0,65.0
JsonExport/GC Bike Repairs Ltd 4.json,ok,2412,2024-01-06,2025-01-06,227082.98,225480.24,0.0,1.0,1.0,148.0,44.0
JsonExport/GC Bike Repairs Ltd 6.json,ok,2406,2024-03-10,2025-03-10,216849.91,217710.96,0.0,1.0,2.0,153.0,43.0
JsonExport/GC Bike Repairs Ltd.json,ok,2349,2023-09-27,2024-09-27,219554.57,256011.3,0.0,0.0,0.0,124.0,62.0
JsonExport/GC COUTURE LTD.json,ok,2147,2025-03-05,2025-11-25,312074.08,156896.39,0.0,18.0,6.0,75.0,87.0
JsonExport/Gem drycleaning & tailoring services ltd.json,ok,1606,2024-10-22,2025-10-21,32907.8,22604.02,0.0,0.0,23.0,21.0,35.0
JsonExport/Get Outside Events Limited.json,ok,1108,2023-09-05,2024-07-17,29241.97,119132.06,0.0,0.0,1.0,32.0,64.0
"JsonExport/Get Outside Events Limited_0,0.json",ok,1108,2023-09-05,2024-07-17,29241.97,119132.06,0.0,0.0,1.0,32.0,64.0
JsonExport/GIT Support LTD.json,ok,1567,2023-09-19,2024-09-19,73040.05,141035.66,0.0,0.0,1.0,89.0,61.0
"JsonExport/GIT Support LTD_0,0.json",ok,1567,2023-09-19,2024-09-19,73040.05,141035.66,0.0,0.0,1.0,89.0,61.0
JsonExport/GIT Support LTD_categorized.json,ok,1567,2023-09-19,2024-09-19,73040.05,141035.66,0.0,0.0,1.0,89.0,61.0
"JsonExport/GIT Support LTD_categorized_0,0.json",ok,1567,2023-09-19,2024-09-19,73040.05,141035.66,0.0,0.0,1.0,89.0,61.0
JsonExport/Go Commercial Finance Ltd - GetReportByID.json,ok,1113,2023-07-22,2024-07-22,28357.5,192690.93,0.0,0.0,5.0,31.0,40.0
"JsonExport/Go Commercial Finance Ltd_0,0.json",ok,1113,2023-07-22,2024-07-22,28357.5,192690.93,0.0,0.0,5.0,31.0,40.0
JsonExport/Go Commercial Finance Ltd_categorized.json,ok,1113,2023-07-22,2024-07-22,28357.5,606.0,0.0,0.0,5.0,32.0,6.0
JsonExport/Go Sure Solutions Ltd.json,ok,740,2025-03-03,2026-03-01,13916.0,155597.64,0.0,0.0,0.0,27.0,59.0
JsonExport/Golden Triangle Financial Services Ltd.json,ok,3136,2023-10-21,2024-10-21,400828.02,1072770.65,0.0,0.0,16.0,242.0,315.0
JsonExport/Good Geezers Welling Ltd Transaction Limited.json,ok,2044,2023-08-14,2024-08-14,6318.8,92237.04,0.0,10.0,0.0,26.0,32.0
"JsonExport/Good Geezers Welling Ltd Transaction Limited_0,0.json",ok,2044,2023-08-14,2024-08-14,6318.8,92237.04,0.0,10.0,0.0,26.0,32.0
JsonExport/Good Geezers Welling Ltd Transaction Limited_categorized.json,ok,2044,2023-08-14,2024-08-14,6308.81,0.0,0.0,10.0,0.0,27.0,0.0
JsonExport/Gorshaco.json,ok,988,2025-10-15,2026-05-17,52633.87,11443.35,0.0,19.0,2.0,15.0,3.0
JsonExport/Gozone Care Ltd - Transaction Report.json,ok,100,2024-03-15,2024-03-26,32764.99,12635.72,0.0,0.0,1.0,22.0,3.0
"JsonExport/Gozone Care Ltd_0,0.json",ok,100,2024-03-15,2024-03-26,32764.99,12635.72,0.0,0.0,1.0,22.0,3.0
JsonExport/Gozone Care Ltd_categorized.json,ok,100,2024-03-15,2024-03-26,33014.99,0.0,0.0,0.0,1.0,23.0,1.0
JsonExport/GRAZKA LIMITED.json,ok,919,2024-11-26,2025-11-26,136055.95,63624.23,0.0,1.0,18.0,65.0,23.0
JsonExport/Green Future Search Lab - GetReportByID.json,ok,1526,2023-07-21,2024-06-27,7940.96,15565.39,0.0,0.0,8.0,20.0,17.0
"JsonExport/Green Future Search Lab_0,0.json",ok,1526,2023-07-21,2024-06-27,7940.96,15565.39,0.0,0.0,8.0,20.0,17.0
JsonExport/Green Future Search Lab_categorized.json,ok,1526,2023-07-21,2024-06-27,7938.81,0.0,0.0,0.0,0.0,28.0,0.0
JsonExport/greenlight digital.json,ok,352,2025-01-27,2025-07-28,10.0,98475.39,0.0,2.0,0.0,3.0,77.0
JsonExport/GreenSec limited - Transaction Report.json,ok,100,2023-06-27,2024-03-23,20658.6,53340.0,0.0,0.0,0.0,0.0,23.0
"JsonExport/GreenSec Limited_0,0.json",ok,100,2023-06-27,2024-03-23,20658.6,53340.0,0.0,0.0,0.0,0.0,23.0
JsonExport/GreenSec Limited_categorized.json,ok,100,2023-06-27,2024-03-23,20658.6,0.0,0.0,0.0,0.0,0.0,0.0
JsonExport/Habitat music studios ltd app 2.json,ok,1589,2025-05-06,2026-01-28,8097.91,38471.78,0.0,0.0,34.0,32.0,35.0
JsonExport/Hair and Beauty Palace Ventures Limited.json,ok,1045,2023-11-14,2024-11-14,105787.43,108588.89,0.0,0.0,55.0,186.0,70.0
JsonExport/Hans Lec Design - Transaction Report.json,ok,1084,2023-06-26,2024-06-24,118500.0,78906.83,0.0,1.0,0.0,93.0,21.0
"JsonExport/Hans Lec Design_0,0.json",ok,1084,2023-06-26,2024-06-24,118500.0,78906.83,0.0,1.0,0.0,93.0,21.0
JsonExport/Hans Lec Design_categorized.json,ok,1084,2023-06-26,2024-06-24,118524.99,0.0,0.0,1.0,0.0,93.0,1.0
JsonExport/Hans-Lec Transaction Report.json,ok,1144,2023-07-31,2024-07-31,112620.0,120839.64,0.0,1.0,0.0,100.0,26.0
"JsonExport/Hans-Lec Transaction Report_0,0.json",ok,1144,2023-07-31,2024-07-31,112620.0,120839.64,0.0,1.0,0.0,100.0,26.0
JsonExport/Happy Travel Limited.json,ok,598,2024-04-10,2025-04-10,500.0,143858.18,0.0,0.0,0.0,38.0,92.0
JsonExport/Happy Travel Limitedv2.json,ok,594,2024-04-12,2025-04-10,500.0,139707.06,0.0,0.0,0.0,38.0,91.0
JsonExport/Happy Travel Limited_categorized(1).json,ok,598,2024-04-10,2025-04-10,500.0,143858.18,0.0,0.0,0.0,38.0,92.0
JsonExport/Happy Travel Limited_categorized.json,ok,598,2024-04-10,2025-04-10,500.0,143858.18,0.0,0.0,0.0,38.0,92.0
JsonExport/Hardman Fitness LTD.json,ok,2020,2024-07-30,2025-07-30,31.83,50636.23,0.0,0.0,1.0,239.0,124.0
JsonExport/Harley Street Hair Transplants - Transaction Report.json,ok,100,2023-11-23,2024-03-11,53975.0,4000.0,0.0,14.0,0.0,4.0,2.0
"JsonExport/Harley Street Hair Transplants_0,0.json",ok,100,2023-11-23,2024-03-11,53975.0,4000.0,0.0,14.0,0.0,4.0,2.0
JsonExport/Hashmis and Bukharis Ltd.json,ok,121,2023-08-25,2024-07-25,0.0,17594.22,0.0,0.0,0.0,21.0,4.0
"JsonExport/Hashmis and Bukharis Ltd_0,0.json",ok,121,2023-08-25,2024-07-25,0.0,17594.22,0.0,0.0,0.0,21.0,4.0
JsonExport/Hashmis and Bukharis Ltd_categorized.json,ok,121,2023-08-25,2024-07-25,0.0,0.0,0.0,0.0,0.0,21.0,0.0
JsonExport/Haus of sass limited by Stephanie limited.json,ok,1949,2024-11-12,2025-11-12,107177.14,186624.38,0.0,11.0,3.0,67.0,136.0
JsonExport/Havelock Group Ltd TA New Longcar.json,ok,248,2025-12-10,2026-01-05,27197.55,6829.19,0.0,0.0,0.0,5.0,3.0
JsonExport/Heart of the home interiors.json,ok,1906,2024-07-01,2025-07-01,284542.83,727753.56,0.0,178.0,0.0,276.0,106.0
JsonExport/Hemming Logistics Ltd - Transaction Report.json,ok,100,2024-01-18,2024-02-01,0.0,10062.39,0.0,0.0,0.0,3.0,5.0
"JsonExport/Hemming Logistics Ltd_0,0.json",ok,100,2024-01-18,2024-02-01,0.0,10062.39,0.0,0.0,0.0,3.0,5.0
JsonExport/HERNE HILL DRY CLEANERS LIMITED.json,ok,587,2024-12-12,2025-12-11,4683.0,50114.0,0.0,0.0,0.0,12.0,286.0
JsonExport/HEWITT AND HYLAND LEISURE LIMITED - Transaction Report.json,ok,100,2024-02-12,2024-02-23,1341.14,12769.52,0.0,0.0,0.0,1.0,11.0
JsonExport/Hewitt and Hyland Leisure Ltd_categorized.json,ok,100,2024-01-18,2024-02-01,0.0,0.0,0.0,0.0,0.0,3.0,1.0
JsonExport/HIdden Pretty Gifts Ltd app 2.json,ok,841,2024-10-21,2025-10-20,24.98,59144.7,0.0,0.0,2.0,137.0,278.0
JsonExport/Hidden Pretty Gifts Ltd.json,ok,843,2023-10-01,2024-10-01,0.0,64184.95,0.0,0.0,1.0,53.0,271.0
JsonExport/House of Mystery.json,ok,1569,2023-09-25,2024-09-23,19077.79,70999.08,0.0,0.0,1.0,14.0,206.0
JsonExport/HSIDS.json,ok,2124,2024-09-10,2025-09-10,248177.3,765701.9,0.0,0.0,6.0,102.0,336.0
JsonExport/HumbleEgg Ltd - Transaction Report.json,ok,100,2023-12-21,2024-02-21,0.0,46133.36,0.0,0.0,0.0,4.0,5.0
"JsonExport/HumbleEgg Ltd_0,0.json",ok,100,2023-12-21,2024-02-21,0.0,46133.36,0.0,0.0,0.0,4.0,5.0
JsonExport/Hursley Childcare Ltd.json,ok,3746,2023-07-11,2024-07-10,121701.34,1336889.04,0.0,16.0,5.0,186.0,211.0
"JsonExport/Hursley Childcare Ltd_0,0.json",ok,3746,2023-07-11,2024-07-10,121701.34,1336889.04,0.0,16.0,5.0,186.0,211.0
JsonExport/Hursley Childcare Ltd_categorized.json,ok,3746,2023-07-11,2024-07-10,121051.34,0.0,0.0,16.0,2.0,190.0,2.0
JsonExport/Hussains Leicester Ltd.json,ok,876,2023-10-30,2024-09-10,3541.09,55250.18,0.0,2.0,0.0,12.0,151.0
"JsonExport/Hussains Leicester Ltd_0,0.json",ok,876,2023-10-30,2024-09-10,3541.09,55250.18,0.0,2.0,0.0,12.0,151.0
JsonExport/Hussains Leicester Ltd_categorized.json,ok,876,2023-10-30,2024-09-10,3531.14,0.0,0.0,2.0,0.0,23.0,0.0
JsonExport/I Crash Mobiles Limited.json,ok,1249,2024-07-19,2025-02-14,12650.87,1235545.7,0.0,5.0,11.0,91.0,247.0
JsonExport/IBBmedialtd(1).json,ok,967,2024-03-26,2025-03-26,307801.53,332206.91,0.0,13.0,3.0,56.0,170.0
JsonExport/IBBmedialtd.json,ok,966,2024-03-19,2025-03-19,328183.44,330117.81,0.0,12.0,3.0,56.0,172.0
JsonExport/IBBmedialtd.json.json,ok,966,2024-03-25,2025-03-24,307842.73,330923.31,0.0,12.0,3.0,56.0,171.0
JsonExport/Ifracture Ltd.json,ok,3144,2024-05-16,2025-04-07,59671.07,109551.15,0.0,0.0,31.0,68.0,56.0
JsonExport/Ifracture Ltdv2.json,ok,3151,2024-05-16,2025-04-07,59671.07,109615.15,0.0,0.0,31.0,68.0,56.0
JsonExport/Ings pet store & grooming ltd app 2.json,ok,1478,2025-03-15,2026-01-23,76561.25,51590.05,0.0,35.0,0.0,17.0,3.0
JsonExport/INGS PET STORE & GROOMING LTD.json,ok,1106,2025-03-15,2025-11-12,1207.78,101895.43,0.0,16.0,0.0,120.0,15.0
JsonExport/Initiate Theatre Transaction Report.json,ok,1111,2023-08-21,2024-08-15,23294.0,88268.82,0.0,18.0,55.0,159.0,53.0
JsonExport/Irresistiable Ltd Transaction Report.json,ok,59,2023-07-31,2024-07-29,1992.92,2157.02,0.0,0.0,0.0,2.0,2.0
JsonExport/Ivy aesthetic clinic & academy ltd - Transaction Report.json,ok,100,2024-02-18,2024-03-06,809.38,3043.77,0.0,0.0,0.0,2.0,1.0
"JsonExport/Ivy Aesthetic Clinic Academy Ltd_0,0.json",ok,100,2024-02-18,2024-03-06,809.38,3043.77,0.0,0.0,0.0,2.0,1.0
JsonExport/J load inc Ltd - GetReportByID.json,ok,3000,2024-04-30,2025-04-30,92689.88,734573.89,0.0,2.0,9.0,287.0,90.0
JsonExport/Jay Heath Ltd.json,ok,100,2023-11-24,2024-03-10,7699.52,3648.0,0.0,1.0,0.0,0.0,1.0
"JsonExport/Jay Heath Ltd_0,0.json",ok,100,2023-11-24,2024-03-10,7699.52,3648.0,0.0,1.0,0.0,0.0,1.0
JsonExport/Jb bars ltd - Transaction Report.json,ok,100,2024-02-23,2024-02-29,0.0,5157.21,0.0,0.0,0.0,1.0,6.0
"JsonExport/JB Bars Ltd_0,0.json",ok,100,2024-02-23,2024-02-29,0.0,5157.21,0.0,0.0,0.0,1.0,6.0
JsonExport/JB Bars Ltd_categorized.json,ok,100,2024-02-23,2024-02-29,0.0,0.0,0.0,0.0,0.0,8.0,0.0
JsonExport/Jemark Ltd.json,ok,100,2024-03-15,2024-05-01,3224.5,2441.34,0.0,0.0,1.0,11.0,0.0
"JsonExport/Jemark Ltd_0,0.json",ok,100,2024-03-15,2024-05-01,3224.5,2441.34,0.0,0.0,1.0,11.0,0.0
JsonExport/Jenmat Productions.json,ok,3102,2024-07-23,2025-07-22,42178.3,587750.65,0.0,0.0,4.0,204.0,846.0
JsonExport/Jigpaws Ltd.json,ok,2338,2025-02-24,2026-02-24,47813.96,49337.72,0.0,7.0,6.0,187.0,6.0
JsonExport/Joao motorcycles Ltd app 2.json,ok,525,2025-05-20,2025-10-31,38933.78,400409.4,0.0,0.0,3.0,36.0,96.0
JsonExport/Joao motorcyles Ltd.json,ok,264,2025-05-20,2025-08-12,26774.18,84283.64,0.0,0.0,2.0,17.0,30.0
JsonExport/JOURNEYMAN BARBERS LTD.json,ok,855,2024-08-21,2025-08-20,6379.55,82333.33,0.0,0.0,0.0,26.0,277.0
JsonExport/K.B Motors York LTD - GetReportByID.json,ok,3746,2024-09-13,2025-05-27,4519.95,88261.73,0.0,0.0,1.0,17.0,58.0
JsonExport/KAHRAS KEIGHLEY LTD.json,ok,1638,2024-08-21,2025-08-21,31.83,370398.54,0.0,35.0,3.0,25.0,43.0
JsonExport/Kam marketing Group Limited.json,ok,100,2024-02-06,2024-02-16,0.0,3913.9,0.0,0.0,0.0,1.0,0.0
"JsonExport/Kam marketing Group Limited_0,0.json",ok,100,2024-02-06,2024-02-16,0.0,3913.9,0.0,0.0,0.0,1.0,0.0
JsonExport/KC Group Of Companies Ltd.json,ok,774,2025-03-30,2026-03-27,461.56,82436.68,0.0,0.0,1.0,31.0,44.0
JsonExport/Ketco Direct Limited - Transaction Report.json,ok,100,2024-01-03,2024-02-01,25.0,5906.18,0.0,0.0,0.0,1.0,0.0
"JsonExport/Ketco Direct Limited_0,0.json",ok,100,2024-01-03,2024-02-01,25.0,5906.18,0.0,0.0,0.0,1.0,0.0
JsonExport/Ketco Direct Limited_categorized.json,ok,100,2024-01-03,2024-02-01,25.0,0.0,0.0,0.0,0.0,1.0,0.0
JsonExport/KGKSURREY.co.uk.json,ok,1278,2025-01-22,2026-01-22,57470.64,37063.51,0.0,8.0,0.0,12.0,13.0
JsonExport/Kids Tech Company Ltd - Transaction Report.json,ok,100,2024-03-28,2024-04-04,460.62,34847.86,0.0,0.0,0.0,2.0,38.0
"JsonExport/Kids Tech Company Ltd_0,0.json",ok,100,2024-03-28,2024-04-04,460.62,34847.86,0.0,0.0,0.0,2.0,38.0
JsonExport/Kimbo and Sons Ltd Transaction Report.json,ok,1370,2023-08-01,2024-08-01,74892.08,37597.03,0.0,35.0,1.0,45.0,9.0
"JsonExport/Kimbo and Sons Ltd Transaction Report_0,0.json",ok,1370,2023-08-01,2024-08-01,74892.08,37597.03,0.0,35.0,1.0,45.0,9.0
JsonExport/King Of Steel Media Ltd - Transaction Report.json,ok,100,2024-05-28,2024-06-04,169.99,4766.21,0.0,4.0,0.0,13.0,0.0
"JsonExport/King of Steel Media Ltd_0,0.json",ok,100,2024-05-28,2024-06-04,169.99,4766.21,0.0,4.0,0.0,13.0,0.0
JsonExport/King of Steel Media Ltd_categorized.json,ok,100,2024-05-28,2024-06-04,169.99,0.0,0.0,4.0,0.0,13.0,0.0
JsonExport/King of steel media.json,ok,100,2024-04-15,2024-04-21,1309.3,10876.73,0.0,1.0,0.0,20.0,1.0
JsonExport/Km luxury enterprises.json,ok,1291,2025-04-10,2026-04-10,20805.98,113214.63,0.0,0.0,10.0,32.0,20.0
JsonExport/KMS INSULATIONS LTD - GetReportByID.json,ok,207,2024-12-27,2025-06-03,100.0,114091.91,0.0,0.0,0.0,2.0,23.0
JsonExport/Krafty Designs 4 You Limited - Transaction Report.json,ok,100,2024-03-18,2024-03-25,400.0,783.0,0.0,0.0,0.0,46.0,0.0
"JsonExport/Krafty Designs 4 You Limited_0,0.json",ok,100,2024-03-18,2024-03-25,400.0,783.0,0.0,0.0,0.0,46.0,0.0
JsonExport/Kurkland Ltd.json,ok,100,2024-03-05,2024-03-25,1275.91,10280.31,0.0,0.0,3.0,6.0,3.0
"JsonExport/Kurkland Ltd_0,0.json",ok,100,2024-03-05,2024-03-25,1275.91,10280.31,0.0,0.0,3.0,6.0,3.0
JsonExport/Lime Service Group Ltd.json,ok,1692,2023-08-30,2024-08-28,4431.51,122437.53,0.0,0.0,2.0,28.0,111.0
"JsonExport/Lime Service Group Ltd_0,0.json",ok,1692,2023-08-30,2024-08-28,4431.51,122437.53,0.0,0.0,2.0,28.0,111.0
JsonExport/Little Einsteins Day Care Ltd - Transaction Report.json,ok,100,2024-01-30,2024-02-19,2848.77,15770.22,0.0,0.0,0.0,3.0,6.0
JsonExport/LJR Group Services Limited - GetReportByID.json,ok,176,2025-01-20,2025-04-29,70.0,10297.67,0.0,0.0,3.0,2.0,7.0
JsonExport/LJR Group Services Limited.json,ok,589,2025-01-20,2025-08-06,70.0,46960.3,0.0,0.0,3.0,4.0,11.0
JsonExport/London Kizomba Festival.json,ok,734,2024-09-09,2025-09-04,5618.91,165700.56,0.0,0.0,4.0,43.0,119.0
JsonExport/London Recruiting.json,ok,2127,2023-12-29,2024-09-19,290.0,76434.72,0.0,0.0,0.0,31.0,320.0
"JsonExport/London Recruiting_0,0.json",ok,2127,2023-12-29,2024-09-19,290.0,76434.72,0.0,0.0,0.0,31.0,320.0
JsonExport/London21 LTD - Transaction report.json,ok,173,2023-12-12,2024-06-21,0.0,8808.04,0.0,0.0,0.0,6.0,101.0
"JsonExport/London21 Ltd_0,0.json",ok,173,2023-12-12,2024-06-21,0.0,8808.04,0.0,0.0,0.0,6.0,101.0
JsonExport/Lopez Plant Hire Ltd - GetReportByID.json,ok,521,2023-07-06,2024-07-02,20.28,45371.65,0.0,0.0,0.0,11.0,14.0
"JsonExport/Lopez Plant Hire Ltd_0,0.json",ok,521,2023-07-06,2024-07-02,20.28,45371.65,0.0,0.0,0.0,11.0,14.0
JsonExport/Lopez Plant Hire Ltd_categorized.json,ok,521,2023-07-06,2024-07-02,0.0,0.0,0.0,0.0,0.0,36.0,10.0
JsonExport/Luenire Transaction Report.json,ok,607,2024-05-07,2024-08-06,21282.59,30193.65,0.0,1.0,3.0,18.0,58.0
JsonExport/Lumi SKN ltd - Transaction Report.json,ok,100,2024-02-18,2024-03-09,0.0,10016.37,0.0,0.0,0.0,8.0,17.0
"JsonExport/Lumi SKN Ltd_0,0.json",ok,100,2024-02-18,2024-03-09,0.0,10016.37,0.0,0.0,0.0,8.0,17.0
JsonExport/Lumi SKN Ltd_categorized.json,ok,100,2024-02-18,2024-03-09,0.0,0.0,0.0,0.0,0.0,8.0,0.0
JsonExport/luxmax.co.json,ok,1138,2024-07-29,2025-07-23,11166.4,125418.19,0.0,5.0,244.0,49.0,259.0
JsonExport/Made this for you Ltd Transaction Report.json,ok,684,2023-08-24,2024-08-22,13000.0,79626.07,0.0,0.0,0.0,2.0,22.0
"JsonExport/Made this for you Ltd Transaction Report_0,0.json",ok,684,2023-08-24,2024-08-22,13000.0,79626.07,0.0,0.0,0.0,2.0,22.0
JsonExport/Made this for you Ltd Transaction Report_categorized.json,ok,684,2023-08-24,2024-08-22,13000.0,0.0,0.0,0.0,0.0,2.0,0.0
JsonExport/Madestays Limited.json,ok,2270,2024-02-12,2024-11-21,852.0,441493.55,0.0,0.0,0.0,101.0,143.0
JsonExport/MADINSKA & CO LTD app 5.json,ok,1930,2024-12-29,2025-12-28,3914.36,37147.23,0.0,0.0,3.0,160.0,25.0
JsonExport/Madinska & Co Ltd(1).json,ok,162,2024-05-01,2024-09-05,27114.0,5181.65,0.0,2.0,0.0,1.0,1.0
JsonExport/Madinska & Co Ltd.json,ok,156,2024-05-01,2024-08-26,27114.0,5180.65,0.0,2.0,0.0,1.0,1.0
"JsonExport/Madinska & Co Ltd_0,0.json",ok,156,2024-05-01,2024-08-26,27114.0,5180.65,0.0,2.0,0.0,1.0,1.0
JsonExport/Madinska & Co Ltd_categorized.json,ok,156,2024-05-01,2024-08-26,27114.0,0.0,0.0,2.0,0.0,1.0,0.0
JsonExport/Maj Trade Ltd - Transaction Report.json,ok,20,2023-12-21,2024-01-17,0.0,1369.87,0.0,0.0,0.0,3.0,0.0
JsonExport/Maj Trade Ltd.json,ok,20,2023-12-21,2024-01-17,0.0,1369.87,0.0,0.0,0.0,3.0,0.0
"JsonExport/Maj Trade Ltd_0,0.json",ok,20,2023-12-21,2024-01-17,0.0,1369.87,0.0,0.0,0.0,3.0,0.0
JsonExport/MAKARTY LIMITED - GetReportByID (1)(1).json,ok,688,2024-04-27,2025-04-22,383980.73,359533.53,0.0,0.0,0.0,10.0,147.0
JsonExport/MAKARTY LIMITED - GetReportByID.json,ok,684,2024-04-27,2025-04-20,381775.93,359533.53,0.0,0.0,0.0,9.0,147.0
JsonExport/Mannerhaus Ltd Transaction Report.json,ok,896,2024-05-07,2024-08-05,22220.84,42194.1,0.0,0.0,0.0,4.0,199.0
JsonExport/Manzil Property Management - Transaction Report.json,ok,100,2024-02-01,2024-02-24,2375.01,23703.33,0.0,3.0,0.0,3.0,6.0
JsonExport/Manzil Property Management.json,ok,100,2024-02-01,2024-02-24,2375.01,23703.33,0.0,3.0,0.0,3.0,6.0
"JsonExport/Manzil Property Management_0,0.json",ok,100,2024-02-01,2024-02-24,2375.01,23703.33,0.0,3.0,0.0,3.0,6.0
JsonExport/Mar carpio ltd.json,ok,96,2025-02-14,2026-02-09,20652.01,78.0,0.0,0.0,0.0,0.0,0.0
JsonExport/Marvel Heating & REnewable Energy Ltd.json,ok,5393,2023-07-19,2024-07-19,1458986.41,4338827.4,0.0,0.0,60.0,263.0,585.0
"JsonExport/Marvel Heating & REnewable Energy Ltd_0,0.json",ok,5393,2023-07-19,2024-07-19,1458986.41,4338827.4,0.0,0.0,60.0,263.0,585.0
JsonExport/Marvel Heating & REnewable Energy Ltd_categorized.json,ok,5393,2023-07-19,2024-07-19,1459116.61,0.0,0.0,0.0,49.0,274.0,10.0
JsonExport/Marvellous glow Ltd - GetReportByID.json,ok,2210,2023-07-25,2024-07-24,18992.35,143886.96,0.0,0.0,97.0,459.0,240.0
JsonExport/Marvellous glow Ltd - Transaction Report.json,ok,100,2024-02-12,2024-02-23,180.2,2494.87,0.0,0.0,36.0,6.0,31.0
"JsonExport/Marvellous Glow Ltd_0,0.json",ok,100,2024-02-12,2024-02-23,180.2,2494.87,0.0,0.0,36.0,6.0,31.0
JsonExport/Master Brewer Ltd - Transaction Report.json,ok,100,2024-02-21,2024-03-05,0.0,13339.55,0.0,0.0,13.0,1.0,14.0
"JsonExport/Master Brewer Ltd_0,0.json",ok,100,2024-02-21,2024-03-05,0.0,13339.55,0.0,0.0,13.0,1.0,14.0
JsonExport/Matches Talent Ltd.json,ok,846,2023-09-04,2024-09-02,18037.41,133172.77,0.0,0.0,3.0,10.0,18.0
"JsonExport/Matches Talent Ltd_0,0.json",ok,846,2023-09-04,2024-09-02,18037.41,133172.77,0.0,0.0,3.0,10.0,18.0
JsonExport/Matches Talent Ltd_categorized.json,ok,846,2023-09-04,2024-09-02,18036.03,0.0,0.0,0.0,2.0,39.0,0.0
JsonExport/MBRB Limited Transaction Report.json,ok,1006,2023-08-16,2024-08-16,5299.42,360888.16,0.0,75.0,7.0,50.0,150.0
"JsonExport/MBRB Limited Transaction Report_0,0.json",ok,1006,2023-08-16,2024-08-16,5299.42,360888.16,0.0,75.0,7.0,50.0,150.0
JsonExport/Mc building & interiors ltd.json,ok,1302,2024-07-17,2025-07-14,60163.51,73497.47,0.0,0.0,2.0,36.0,28.0
JsonExport/Mckat Magic Masala Pvt Ltd.json,ok,774,2023-10-31,2024-08-31,36457.19,23226.49,0.0,0.0,0.0,2.0,122.0
JsonExport/Mecn Marketing Limited - Transaction Report.json,ok,100,2024-04-02,2024-04-15,1245.81,1594.0,0.0,0.0,0.0,67.0,0.0
"JsonExport/Mecn Marketing Ltd_0,0.json",ok,100,2024-04-02,2024-04-15,1245.81,1594.0,0.0,0.0,0.0,67.0,0.0
JsonExport/Mecn Marketing Ltd_categorized.json,ok,100,2024-04-02,2024-04-15,945.81,0.0,0.0,0.0,0.0,68.0,0.0
JsonExport/Meli's Landscaping Ltd.json,ok,119,2024-04-12,2024-06-24,12.7,1952.38,0.0,4.0,0.0,1.0,0.0
"JsonExport/Meli's Landscaping Ltd_0,0.json",ok,119,2024-04-12,2024-06-24,12.7,1952.38,0.0,4.0,0.0,1.0,0.0
JsonExport/Mens Hair London.json,ok,340,2025-01-02,2025-08-18,0.0,41813.2,0.0,0.0,0.0,65.0,134.0
JsonExport/Mh home renovations ltd - Transaction Report.json,ok,100,2024-03-09,2024-03-20,20.0,8988.73,0.0,0.0,0.0,2.0,3.0
"JsonExport/Mh Home Renovations Ltd_0,0.json",ok,100,2024-03-09,2024-03-20,20.0,8988.73,0.0,0.0,0.0,2.0,3.0
JsonExport/Mh Home Renovations Ltd_categorized.json,ok,100,2024-03-09,2024-03-20,20.0,0.0,0.0,0.0,0.0,5.0,0.0
JsonExport/Michel-Reynolds Agency Ltd.json,ok,904,2023-11-28,2024-11-25,36188.58,43256.42,0.0,0.0,1.0,105.0,20.0
JsonExport/Mikaiel Limited.json,ok,338,2023-09-05,2024-09-03,4594.58,20358.61,0.0,0.0,0.0,45.0,2.0
"JsonExport/Mikaiel Limited_0,0.json",ok,338,2023-09-05,2024-09-03,4594.58,20358.61,0.0,0.0,0.0,45.0,2.0
JsonExport/Mikaiel Limited_categorized.json,ok,338,2023-09-05,2024-09-03,4594.58,20358.61,0.0,0.0,0.0,45.0,2.0
JsonExport/Milton Fire Safety.json,ok,1307,2023-10-11,2024-09-02,29260.77,77202.3,0.0,0.0,0.0,6.0,23.0
"JsonExport/Milton Fire Safety_0,0.json",ok,1307,2023-10-11,2024-09-02,29260.77,77202.3,0.0,0.0,0.0,6.0,23.0
JsonExport/Mitz Traders Ltd Transaction Report.json,ok,61,2023-12-01,2024-06-22,101.0,32802.92,0.0,0.0,0.0,6.0,9.0
"JsonExport/Mitz Traders Ltd Transaction Report_0,0.json",ok,61,2023-12-01,2024-06-22,101.0,32802.92,0.0,0.0,0.0,6.0,9.0
JsonExport/Mj trasnsport ltd - GetReportByID.json,ok,20,2025-04-04,2025-05-09,5800.0,700.0,0.0,0.0,0.0,0.0,0.0
JsonExport/Momokakkoii Ltd.json,ok,3287,2024-01-08,2025-01-08,44842.56,56204.52,0.0,0.0,38.0,65.0,234.0
JsonExport/Moonlight SMC Limited - Transaction Report.json,ok,100,2024-02-23,2024-03-03,0.0,1318.0,0.0,0.0,0.0,18.0,0.0
"JsonExport/Moonlight SMC Ltd_0,0.json",ok,100,2024-02-23,2024-03-03,0.0,1318.0,0.0,0.0,0.0,18.0,0.0
JsonExport/MovieScape Ltd - GetReportByID.json,ok,2028,2023-07-15,2024-07-15,13246.33,248669.41,0.0,5.0,0.0,75.0,729.0
"JsonExport/Moviescape Ltd_0,0.json",ok,2028,2023-07-15,2024-07-15,13246.33,248669.41,0.0,5.0,0.0,75.0,729.0
JsonExport/Moving Ewe LTD - GetReportByID.json,ok,2104,2024-03-13,2025-03-12,6442.5,187610.29,0.0,0.0,1.0,139.0,250.0
JsonExport/Moving Ewe Ltd.json,ok,2201,2024-04-02,2025-04-01,6567.5,194829.51,0.0,0.0,1.0,152.0,255.0
JsonExport/Moving Ewe Ltdv2.json,ok,2184,2024-04-08,2025-04-08,6567.5,194932.65,0.0,0.0,1.0,152.0,253.0
JsonExport/Mr Eats Group Ltd - Transaction Report.json,ok,100,2024-01-12,2024-03-04,646.71,3055.27,0.0,0.0,0.0,7.0,0.0
"JsonExport/Mr Eats Group Ltd_0,0.json",ok,100,2024-01-12,2024-03-04,646.71,3055.27,0.0,0.0,0.0,7.0,0.0
JsonExport/Mr Eats Group Ltd_categorized.json,ok,100,2024-01-12,2024-03-04,227.82,0.0,0.0,0.0,0.0,7.0,0.0
JsonExport/msfmart uk ltd - Transaction Report.json,ok,100,2024-02-09,2024-02-19,92.6,1346.64,0.0,0.0,0.0,0.0,0.0
"JsonExport/MSFMart UK Ltd_0,0.json",ok,100,2024-02-09,2024-02-19,92.6,1346.64,0.0,0.0,0.0,0.0,0.0
JsonExport/MSFMart UK Ltd_categorized.json,ok,100,2024-02-09,2024-02-19,92.6,0.0,0.0,0.0,0.0,2.0,0.0
JsonExport/Mundy Grooming Ltd.json,ok,873,2025-04-17,2026-01-22,23366.07,21430.01,0.0,3.0,1.0,25.0,9.0
JsonExport/Muscle Makers Gym Limited - app1.json,ok,4878,2023-08-19,2024-08-18,45725.48,84872.2,0.0,0.0,6.0,888.0,224.0
JsonExport/Muscle Makers Gym Limited -app2.json,ok,4766,2023-11-05,2024-11-05,47044.8,93344.5,0.0,0.0,9.0,1027.0,210.0
JsonExport/Muscle makers gym limited app 3.json,ok,5533,2024-11-12,2025-07-28,3777.24,180298.64,0.0,0.0,12.0,709.0,321.0
"JsonExport/Muscle Makers Gym Limited_1,0.json",ok,4878,2023-08-19,2024-08-18,45725.48,84872.2,0.0,0.0,6.0,888.0,224.0
JsonExport/Muscle Makers Gym Limited_categorized.json,ok,4878,2023-08-19,2024-08-18,45725.48,84872.2,0.0,0.0,6.0,888.0,224.0
JsonExport/MYM SUPPLIERS LTD.json,ok,157,2024-10-23,2025-06-29,245.59,9651.0,0.0,0.0,0.0,4.0,1.0
JsonExport/Nadia miah hair and skin ltd.json,ok,1012,2025-01-13,2026-01-12,144612.78,70579.94,0.0,2.0,3.0,65.0,6.0
JsonExport/NEU Hair 4 Men - Transaction Report.json,ok,100,2024-01-30,2024-02-22,1442.89,15882.45,0.0,0.0,0.0,2.0,16.0
JsonExport/Neu Hair 4 Men Ltd Transactions.json,ok,1417,2023-07-26,2024-07-26,16663.94,244976.34,0.0,0.0,1.0,61.0,241.0
"JsonExport/Neu Hair_0,0.json",ok,1417,2023-07-26,2024-07-26,16663.94,244976.34,0.0,0.0,1.0,61.0,241.0
JsonExport/Neu Hair_categorized.json,ok,1417,2023-07-26,2024-07-26,16663.94,0.0,0.0,0.0,0.0,62.0,11.0
JsonExport/NEWAY MOTORS LTD - GetReportByID.json,ok,153,2024-11-18,2025-04-28,35643.08,176226.36,0.0,0.0,0.0,5.0,17.0
JsonExport/Nikolov 92 Ltd.json,ok,100,2024-03-19,2024-04-17,310.0,8336.21,0.0,0.0,0.0,3.0,2.0
"JsonExport/Nikolov 92 Ltd_0,0.json",ok,100,2024-03-19,2024-04-17,310.0,8336.21,0.0,0.0,0.0,3.0,2.0
JsonExport/Noble Executive Limited P1.json,ok,154,2024-07-31,2024-08-30,1420.25,16670.35,0.0,0.0,0.0,0.0,10.0
"JsonExport/Noble Executive Limited P1_0,0.json",ok,154,2024-07-31,2024-08-30,1420.25,16670.35,0.0,0.0,0.0,0.0,10.0
JsonExport/Noble Executive Limited.json,ok,228,2023-09-01,2024-08-19,7804.29,130.0,0.0,0.0,0.0,0.0,0.0
"JsonExport/Noble Executive Limited_0,0.json",ok,228,2023-09-01,2024-08-19,7804.29,130.0,0.0,0.0,0.0,0.0,0.0
JsonExport/Noble parking ltd.json,ok,1523,2024-11-21,2025-11-18,22582.39,39926.67,0.0,0.0,0.0,3.0,127.0
JsonExport/Noble_Executive_Limited_Combined.json,ok,382,2023-09-01,2024-08-30,9224.54,16800.35,0.0,0.0,0.0,0.0,10.0
JsonExport/Nordic Yarn Ltd.json,ok,996,2024-07-08,2025-07-07,11538.38,73664.74,0.0,0.0,0.0,18.0,160.0
JsonExport/Northwest cleaning experts.json,ok,97,2025-04-22,2026-04-05,0.0,6799.07,0.0,3.0,0.0,0.0,1.0
JsonExport/Nottingham glass Ltd - GetReportByID.json,ok,3491,2024-07-09,2025-05-22,25293.17,309053.6,0.0,7.0,3.0,150.0,159.0
JsonExport/Nova pubs Ltd.json,ok,267,2025-12-08,2026-03-11,19529.69,55023.01,0.0,0.0,0.0,3.0,21.0
JsonExport/OAC solutions solution - GetReportByID.json,ok,212,2025-04-09,2025-06-16,0.0,12531.12,0.0,1.0,0.0,5.0,38.0
JsonExport/OBdata.json,ok,1600,2024-06-10,2025-06-09,10290.0,439833.33,0.0,4.0,1.0,135.0,101.0
JsonExport/OM Clinic Limited.json,ok,927,2024-03-14,2025-03-06,42422.61,88062.49,0.0,0.0,0.0,18.0,210.0
JsonExport/Optimum Vehicles Limited.json,ok,6114,2024-01-08,2025-01-07,5765793.95,32421384.36,0.0,1.0,24.0,1085.0,1643.0
JsonExport/Oxeema Limited - GetReportByID.json,ok,1841,2024-10-24,2025-06-10,0.0,25147.09,0.0,0.0,0.0,41.0,4.0
JsonExport/Oxford Driveways and Roofing Limited.json,ok,22,2024-08-16,2024-09-03,0.0,1496.0,0.0,0.0,0.0,0.0,1.0
"JsonExport/Oxford Driveways and Roofing Limited_0,0.json",ok,22,2024-08-16,2024-09-03,0.0,1496.0,0.0,0.0,0.0,0.0,1.0
JsonExport/PAK euro cash and carry.json,ok,183,2025-08-07,2025-09-29,21824.67,31181.23,0.0,0.0,0.0,1.0,8.0
JsonExport/Palmcoco Ltd Transaction Report.json,ok,491,2024-03-07,2024-07-29,17429.84,86228.57,0.0,0.0,2.0,15.0,32.0
"JsonExport/Palmcoco Ltd Transaction Report_0,0.json",ok,491,2024-03-07,2024-07-29,17429.84,86228.57,0.0,0.0,2.0,15.0,32.0
JsonExport/Palmcoco Ltd Transaction Report_categorized.json,ok,491,2024-03-07,2024-07-29,17380.26,0.0,0.0,0.0,2.0,15.0,0.0
JsonExport/Pamzo Mart Limited.json,ok,326,2024-10-23,2025-10-07,6152.2,216607.34,0.0,0.0,1.0,36.0,54.0
JsonExport/Party2perfection LTD.json,ok,2987,2024-11-18,2025-11-18,8013.78,301180.21,0.0,4.0,36.0,175.0,355.0
JsonExport/Patina House Limited.json,ok,394,2024-06-13,2025-01-30,100.0,58673.6,0.0,0.0,0.0,5.0,111.0
JsonExport/Peak Platform websites ltd.json,ok,575,2025-01-08,2026-01-06,8599.19,6314.27,0.0,0.0,4.0,5.0,2.0
JsonExport/Peekzoon Ltd.json,ok,174,2024-05-23,2024-09-02,0.0,23709.84,0.0,0.0,0.0,0.0,13.0
"JsonExport/Peekzoon Ltd_0,0.json",ok,174,2024-05-23,2024-09-02,0.0,23709.84,0.0,0.0,0.0,0.0,13.0
JsonExport/Pemienterprize Ltd - Transaction Report.json,ok,100,2024-03-01,2024-03-22,240.0,14082.84,0.0,0.0,0.0,2.0,4.0
"JsonExport/Pemienterprize Ltd_0,0.json",ok,100,2024-03-01,2024-03-22,240.0,14082.84,0.0,0.0,0.0,2.0,4.0
JsonExport/Pemienterprize Ltd_categorized.json,ok,100,2024-03-01,2024-03-22,240.0,0.0,0.0,0.0,0.0,2.0,0.0
JsonExport/Peter G ltd.json,ok,1304,2025-05-12,2025-12-10,123328.97,146665.92,0.0,4.0,1.0,21.0,4.0
JsonExport/Phoenix Group Services Ltd - Transaction Report.json,ok,100,2024-02-19,2024-03-18,1258.0,1448.62,0.0,0.0,1.0,8.0,0.0
"JsonExport/Phoenix Group Services Ltd_0,0.json",ok,100,2024-02-19,2024-03-18,1258.0,1448.62,0.0,0.0,1.0,8.0,0.0
JsonExport/Phone Expert Services Ltd 2.json,ok,1070,2023-09-30,2024-09-30,16810.45,49125.53,0.0,0.0,46.0,65.0,166.0
JsonExport/Phone Expert Services Ltd.json,ok,1079,2023-09-26,2024-09-26,16780.45,49811.25,0.0,0.0,46.0,69.0,165.0
JsonExport/Phone Expert Services.json,ok,1094,2023-09-18,2024-09-17,16805.45,52065.81,0.0,0.0,45.0,78.0,165.0
"JsonExport/Phone Expert Services_0,0.json",ok,1094,2023-09-18,2024-09-17,16805.45,52065.81,0.0,0.0,45.0,78.0,165.0
JsonExport/Phone Expert Services_categorized.json,ok,1094,2023-09-18,2024-09-17,16805.45,52065.81,0.0,0.0,45.0,78.0,165.0
"JsonExport/Phone Expert Services_categorized_0,0.json",ok,1094,2023-09-18,2024-09-17,16805.45,52065.81,0.0,0.0,45.0,78.0,165.0
JsonExport/PJ Photography Liverpool Limited - GetReportByID.json,ok,4144,2023-06-26,2024-06-24,68963.86,83610.55,0.0,13.0,0.0,155.0,18.0
"JsonExport/PJ PHOTOGRAPHY LIVERPOOL LIMITED_0,0.json",ok,4144,2023-06-26,2024-06-24,68963.86,83610.55,0.0,13.0,0.0,155.0,18.0
JsonExport/Platform 10 - Transaction Report.json,ok,100,2024-02-23,2024-03-07,20.0,40.0,0.0,0.0,0.0,5.0,0.0
"JsonExport/Platform 10 Ltd_0,0.json",ok,100,2024-02-23,2024-03-07,20.0,40.0,0.0,0.0,0.0,5.0,0.0
JsonExport/Platform 10 Ltd_categorized.json,ok,100,2024-02-23,2024-03-07,20.0,0.0,0.0,0.0,0.0,5.0,0.0
JsonExport/PLH Services Ltd.json,ok,157,2024-05-17,2024-06-19,10514.6,427.0,0.0,0.0,0.0,0.0,0.0
"JsonExport/PLH Services Ltd_0,0.json",ok,157,2024-05-17,2024-06-19,10514.6,427.0,0.0,0.0,0.0,0.0,0.0
JsonExport/PLH Services Ltd_categorized.json,ok,157,2024-05-17,2024-06-19,10514.6,0.0,0.0,0.0,0.0,0.0,0.0
JsonExport/PlumbSussex Ltd.json,ok,4650,2025-02-19,2026-02-18,26675.86,109370.83,0.0,9.0,4.0,120.0,39.0
JsonExport/Porkies Ltd - Transaction Report.json,ok,37,2023-12-18,2024-01-16,298.0,4608.63,0.0,0.0,0.0,1.0,2.0
JsonExport/Porkies Ltd.json,ok,37,2023-12-18,2024-01-16,298.0,4608.63,0.0,0.0,0.0,1.0,2.0
"JsonExport/Porkies Ltd_0,0.json",ok,37,2023-12-18,2024-01-16,298.0,4608.63,0.0,0.0,0.0,1.0,2.0
JsonExport/Post Production Sorted Ltd - Transaction Report.json,ok,100,2023-07-05,2024-03-28,48743.47,241.0,0.0,0.0,0.0,0.0,0.0
JsonExport/Post Production Sorted Ltd.json,ok,100,2023-07-05,2024-03-28,48743.47,241.0,0.0,0.0,0.0,0.0,0.0
"JsonExport/Post Production Sorted Ltd_0,0.json",ok,100,2023-07-05,2024-03-28,48743.47,241.0,0.0,0.0,0.0,0.0,0.0
JsonExport/Post Production Sorted Ltd_categorized.json,ok,100,2023-07-05,2024-03-28,48419.38,0.0,0.0,0.0,0.0,0.0,0.0
JsonExport/PRECISION DRYLINING LTD - GetReportByID (1)(1).json,ok,888,2024-04-15,2025-04-14,189636.61,56365.33,0.0,0.0,0.0,2.0,7.0
JsonExport/PRECISION DRYLINING LTD - GetReportByID.json,ok,889,2024-04-11,2025-04-11,189636.61,56327.25,0.0,0.0,0.0,2.0,7.0
JsonExport/Premium halal butcher UK ltd.json,ok,900,2024-11-20,2025-08-29,9450.0,485652.9,0.0,11.0,2.0,142.0,186.0
JsonExport/Prudent Healthcare Services Ltd - Transaction Report.json,ok,100,2024-03-03,2024-03-16,2091.0,35131.67,0.0,0.0,0.0,9.0,4.0
JsonExport/Prudent Healthcare Services Ltd.json,ok,100,2024-03-03,2024-03-16,2091.0,35131.67,0.0,0.0,0.0,9.0,4.0
"JsonExport/Prudent Healthcare Services Ltd_0,0.json",ok,100,2024-03-03,2024-03-16,2091.0,35131.67,0.0,0.0,0.0,9.0,4.0
JsonExport/Prudent Healthcare Services Ltd_categorized.json,ok,100,2024-03-03,2024-03-16,2091.0,0.0,0.0,0.0,0.0,9.0,0.0
JsonExport/ps & sons ltd - Transaction Report.json,ok,100,2024-02-19,2024-03-22,4613.06,17494.03,0.0,0.0,0.0,6.0,8.0
"JsonExport/ps & sons ltd_0,0.json",ok,100,2024-02-19,2024-03-22,4613.06,17494.03,0.0,0.0,0.0,6.0,8.0
JsonExport/Punchard Group Ltd - Transaction Report.json,ok,100,2024-03-04,2024-03-14,15929.1,92009.76,0.0,0.0,0.0,17.0,10.0
"JsonExport/Punchard Group Ltd_0,0.json",ok,100,2024-03-04,2024-03-14,15929.1,92009.76,0.0,0.0,0.0,17.0,10.0
JsonExport/Punchard Group Ltd_categorized.json,ok,100,2024-03-04,2024-03-14,15929.1,0.0,0.0,0.0,0.0,17.0,0.0
JsonExport/Quantome Commerce LTd.json,ok,664,2025-02-20,2026-02-19,8154.01,151937.67,0.0,0.0,3.0,92.0,44.0
JsonExport/Quantome Commerce.json,ok,711,2024-12-10,2025-12-08,19904.01,144813.35,0.0,0.0,4.0,85.0,46.0
JsonExport/Quest Makkah Tours Limited.json,ok,1859,2024-06-30,2025-06-26,175453.9,284079.29,0.0,1.0,2.0,141.0,116.0
JsonExport/R A F Chilamena Limited.json,ok,1493,2023-09-20,2024-09-20,142702.16,84934.24,0.0,14.0,1.0,22.0,109.0
"JsonExport/R A F Chilamena Limited_0,0.json",ok,1493,2023-09-20,2024-09-20,142702.16,84934.24,0.0,14.0,1.0,22.0,109.0
JsonExport/R W Waste Ltd.json,ok,100,2024-02-26,2024-03-04,9777.96,29830.8,0.0,0.0,0.0,6.0,2.0
"JsonExport/R W Waste Ltd_0,0.json",ok,100,2024-02-26,2024-03-04,9777.96,29830.8,0.0,0.0,0.0,6.0,2.0
JsonExport/R W Waste Ltd_categorized.json,ok,100,2024-02-26,2024-03-04,3315.96,0.0,0.0,0.0,2.0,6.0,0.0
JsonExport/R&K BRICKWORK LTD 2.json,ok,722,2024-09-22,2025-09-19,267685.72,33911.73,0.0,0.0,0.0,24.0,8.0
JsonExport/R&K BRICKWORK LTD.json,ok,654,2024-07-08,2025-07-05,253113.4,26637.33,0.0,0.0,0.0,20.0,8.0
JsonExport/Rachel Thoburn Aesthetics.json,ok,1139,2023-10-02,2024-09-30,10912.88,40387.51,0.0,14.0,2.0,146.0,99.0
JsonExport/Radcat Limited Transaction Report.json,no_transactions,0,,,,,,,,,
JsonExport/Ratz Vintage Clothing Ltd - GetReportByID.json,ok,290,2024-04-20,2024-07-22,686.29,46613.92,0.0,0.0,0.0,3.0,10.0
"JsonExport/Ratz Vintage Clothing Ltd_0,0.json",ok,290,2024-04-20,2024-07-22,686.29,46613.92,0.0,0.0,0.0,3.0,10.0
JsonExport/Ravenhill contractors - GetReportByID (1)(1).json,ok,1121,2024-04-17,2025-04-17,9225.63,128421.77,0.0,0.0,1.0,26.0,55.0
JsonExport/Ravenhill contractors - GetReportByID.json,ok,1117,2024-04-16,2025-04-16,9225.63,128396.77,0.0,0.0,1.0,26.0,55.0
JsonExport/Rb Allsort limited.json,ok,2154,2024-11-20,2025-11-14,0.0,43816.32,0.0,0.0,0.0,137.0,664.0
JsonExport/Rb market limited app 2.json,ok,615,2025-07-30,2026-01-28,44739.48,50918.91,0.0,0.0,0.0,4.0,17.0
JsonExport/Rb market limited.json,ok,366,2025-07-30,2025-12-01,29846.06,25440.2,0.0,0.0,0.0,0.0,8.0
JsonExport/Recognised London Limited.json,ok,1362,2023-09-25,2024-09-23,21288.03,262207.13,0.0,1.0,0.0,139.0,214.0
JsonExport/Regulatory Consultantcy Services Ltd .json,ok,1096,2023-08-18,2024-07-02,0.0,125840.5,0.0,8.0,0.0,220.0,16.0
"JsonExport/Regulatory Consultantcy Services Ltd _0,0.json",ok,1096,2023-08-18,2024-07-02,0.0,125840.5,0.0,8.0,0.0,220.0,16.0
JsonExport/Regulatory Consultantcy Services Ltd _categorized.json,ok,1096,2023-08-18,2024-07-02,0.0,0.0,0.0,8.0,0.0,225.0,3.0
JsonExport/Retail 24 Ltd.json,ok,100,2024-03-11,2024-04-08,1051.22,2250.25,0.0,1.0,0.0,0.0,0.0
"JsonExport/Retail 24 Ltd_0,0.json",ok,100,2024-03-11,2024-04-08,1051.22,2250.25,0.0,1.0,0.0,0.0,0.0
JsonExport/Retro relics games cafe.json,ok,2433,2025-02-25,2026-02-25,71552.3,414403.04,0.0,0.0,3.0,24.0,22.0
JsonExport/Richer Education.json,ok,100,2024-04-22,2024-05-16,3497.39,32547.54,0.0,0.0,0.0,11.0,21.0
"JsonExport/Richer Education_0,0.json",ok,100,2024-04-22,2024-05-16,3497.39,32547.54,0.0,0.0,0.0,11.0,21.0
JsonExport/Richer Education_categorized.json,ok,100,2024-04-22,2024-05-16,3497.39,0.0,0.0,0.0,0.0,11.0,1.0
JsonExport/Rigby Barbers Ltd.json,ok,944,2024-04-26,2025-01-02,24902.2,12427.74,0.0,0.0,0.0,25.0,35.0
JsonExport/Rishi and Sisters Ltd.json,ok,423,2024-05-07,2024-10-08,27699.92,26170.66,0.0,0.0,1.0,2.0,5.0
JsonExport/Risk-Enterprise Limited.json,ok,347,2024-07-30,2025-07-27,6271.03,133662.54,0.0,0.0,2.0,77.0,15.0
JsonExport/rizpicks travels ltd.json,ok,2262,2024-09-30,2025-09-25,12068.1,104754.06,0.0,0.0,13.0,11.0,12.0
JsonExport/RJ elite property management 2.json,ok,1280,2024-07-16,2025-07-13,3158.99,102660.77,0.0,8.0,9.0,62.0,108.0
JsonExport/RJ ELITE PROPERTY MANAGEMENT app 2.json,ok,1371,2025-05-27,2025-11-07,8.38,183262.71,0.0,2.0,17.0,157.0,128.0
JsonExport/RJ ELITE PROPERTY MANAGEMENT app 3.json,ok,1563,2025-05-27,2025-12-09,72368.72,91663.24,0.0,2.0,5.0,170.0,43.0
JsonExport/RJ ELITE PROPERTY MANAGEMENT app 4.json,ok,1772,2025-05-27,2026-01-12,75890.25,109753.03,0.0,2.0,5.0,190.0,54.0
JsonExport/RJ elite property management.json,ok,352,2025-05-27,2025-07-14,3447.17,29967.36,0.0,0.0,0.0,36.0,44.0
JsonExport/RLK Technologies Limited.json,ok,699,2024-11-27,2025-11-18,170272.9,101723.04,0.0,0.0,9.0,57.0,22.0
JsonExport/Rockaway Toys Ltd.json,ok,1101,2023-11-16,2024-10-09,10991.46,123165.32,0.0,0.0,1.0,242.0,427.0
JsonExport/Rosethorn Studio Ltd.json,ok,12,2023-05-12,2023-07-31,0.0,20.03,0.0,0.0,0.0,0.0,2.0
"JsonExport/Rosethorn Studio Ltd_0,0.json",ok,12,2023-05-12,2023-07-31,0.0,20.03,0.0,0.0,0.0,0.0,2.0
JsonExport/Rosethorn Studios LTD - Transaction Report.json,ok,12,2023-05-12,2023-07-31,0.0,20.03,0.0,0.0,0.0,0.0,2.0
JsonExport/rothwell local store ltd - Transaction Report.json,ok,100,2024-02-17,2024-03-03,12155.71,4420.0,0.0,2.0,0.0,2.0,1.0
JsonExport/rothwell local store ltd.json,ok,100,2024-02-17,2024-03-03,12155.71,4420.0,0.0,2.0,0.0,2.0,1.0
"JsonExport/rothwell local store ltd_0,0.json",ok,100,2024-02-17,2024-03-03,12155.71,4420.0,0.0,2.0,0.0,2.0,1.0
JsonExport/rowley dunleavy services limited.json,ok,2788,2024-11-17,2025-11-17,88916.71,678208.73,0.0,0.0,2.0,160.0,106.0
JsonExport/Rufus Stone Limited Editions Ltd - GetReportByID (1)(1).json,ok,2419,2024-04-25,2025-04-25,186166.81,1174286.9,0.0,0.0,17.0,539.0,370.0
JsonExport/Rufus Stone Limited Editions Ltd - GetReportByID.json,ok,2410,2024-04-24,2025-04-24,185325.68,1146384.9,0.0,0.0,16.0,538.0,367.0
JsonExport/Sady cs Ltd .json,ok,158,2023-10-03,2024-07-16,1000.0,27929.3,0.0,0.0,0.0,13.0,16.0
"JsonExport/Sady cs Ltd _0,0.json",ok,158,2023-10-03,2024-07-16,1000.0,27929.3,0.0,0.0,0.0,13.0,16.0
JsonExport/Sady cs Ltd _categorized.json,ok,158,2023-10-03,2024-07-16,1000.0,0.0,0.0,0.0,0.0,13.0,0.0
JsonExport/Saffron Private Limited.json,ok,1206,2023-06-28,2024-06-28,133137.32,112710.53,0.0,0.0,0.0,155.0,109.0
"JsonExport/Saffron Private Limited_0,0.json",ok,1206,2023-06-28,2024-06-28,133137.32,112710.53,0.0,0.0,0.0,155.0,109.0
JsonExport/Sag Hussain Retail Ltd.json,ok,1081,2025-06-18,2026-02-02,13079.56,334847.96,0.0,0.0,0.0,90.0,128.0
JsonExport/Saint Giovanni De La Mode - Transaction Report.json,ok,100,2024-01-22,2024-02-05,2378.76,4427.0,0.0,1.0,0.0,0.0,4.0
"JsonExport/SAINT_GIOVANNI_DE_LA_MODE_LTD_0,0.json",ok,100,2024-01-22,2024-02-05,2378.76,4427.0,0.0,1.0,0.0,0.0,4.0
JsonExport/SAINT_GIOVANNI_DE_LA_MODE_LTD_categorized.json,ok,100,2024-01-22,2024-02-05,2378.76,0.0,0.0,1.0,0.0,0.0,0.0
JsonExport/Sanataire Ltd.json,ok,1419,2024-08-15,2025-07-21,22939.88,44985.46,0.0,7.0,46.0,80.0,77.0
JsonExport/Sanitaire limited - 060525.json,ok,1220,2024-08-15,2025-06-04,21539.93,42577.86,0.0,3.0,32.0,38.0,66.0
JsonExport/Sanitaire limited - 060525v2.json,ok,1224,2024-08-15,2025-06-06,21567.58,42577.86,0.0,3.0,32.0,40.0,66.0
JsonExport/Sanitaire limited - 220725.json,ok,1431,2024-08-15,2025-07-22,22939.88,45142.36,0.0,7.0,47.0,83.0,78.0
JsonExport/Sanitaire limited - 230725.json,ok,1432,2024-08-15,2025-07-22,22939.88,45142.36,0.0,7.0,47.0,83.0,78.0
JsonExport/Sanitaire limited - 240725.json,ok,1441,2024-08-15,2025-07-24,22949.88,45158.76,0.0,7.0,48.0,83.0,79.0
JsonExport/Sanitaire limited.json,ok,891,2024-08-15,2025-04-14,14611.25,29069.22,0.0,2.0,28.0,11.0,57.0
JsonExport/Scrandiggity LTD - Transaction Report.json,ok,100,2024-04-07,2024-04-17,272.0,3703.72,0.0,0.0,0.0,0.0,0.0
"JsonExport/Scrandiggity LTD_0,0.json",ok,100,2024-04-07,2024-04-17,272.0,3703.72,0.0,0.0,0.0,0.0,0.0
JsonExport/SCS Facilities Services Ltd.json,ok,850,2023-06-26,2024-06-24,63753.0,15477.25,0.0,4.0,0.0,0.0,4.0
"JsonExport/SCS Facilities Services Ltd_0,0.json",ok,850,2023-06-26,2024-06-24,63753.0,15477.25,0.0,4.0,0.0,0.0,4.0
JsonExport/SCS Facilities Services Ltd_categorized.json,ok,850,2023-06-26,2024-06-24,63753.0,0.0,0.0,4.0,0.0,0.0,0.0
JsonExport/Sercasa Ltd - Transaction Report.json,ok,100,2024-02-20,2024-03-01,0.0,91129.38,0.0,0.0,3.0,6.0,26.0
"JsonExport/Sercasa Ltd_0,0.json",ok,100,2024-02-20,2024-03-01,0.0,91129.38,0.0,0.0,3.0,6.0,26.0
JsonExport/Sercasa Ltd_categorized.json,ok,100,2024-02-20,2024-03-01,0.0,0.0,0.0,0.0,1.0,8.0,0.0
JsonExport/Serenix Ltd - 130625.json,ok,2153,2024-06-13,2025-06-12,19054.76,75226.76,0.0,0.0,0.0,23.0,62.0
JsonExport/Serenix Ltd Transaction Report.json,ok,901,2023-08-21,2024-08-19,3637.5,28383.73,0.0,0.0,0.0,6.0,73.0
"JsonExport/Serenix Ltd Transaction Report_0,0.json",ok,901,2023-08-21,2024-08-19,3637.5,28383.73,0.0,0.0,0.0,6.0,73.0
JsonExport/Serenix Ltd Transaction Report_categorized.json,ok,901,2023-08-21,2024-08-19,3637.5,0.0,0.0,0.0,0.0,8.0,0.0
JsonExport/SF elections Hub limited.json,ok,1008,2024-11-07,2025-11-06,32636.05,108273.36,0.0,0.0,348.0,29.0,339.0
JsonExport/SHAKESPEARES SHEPHERD HUTS LTD - GetReportByID.json,ok,509,2024-03-27,2024-06-25,8034.47,83048.37,0.0,0.0,0.0,77.0,14.0
"JsonExport/Shakespeares Shepherd Huts Ltd_0,0.json",ok,509,2024-03-27,2024-06-25,8034.47,83048.37,0.0,0.0,0.0,77.0,14.0
JsonExport/Shakespeares Shepherd Huts Ltd_categorized.json,ok,509,2024-03-27,2024-06-25,8034.47,0.0,0.0,0.0,1.0,79.0,3.0
JsonExport/Shepsgourmetkitchen Ltd Transaction Report.json,ok,834,2023-08-02,2024-08-02,94359.86,93534.39,0.0,7.0,0.0,78.0,59.0
JsonExport/shivay traders ltd.json,ok,1307,2024-09-15,2025-09-15,54830.69,133994.4,0.0,2.0,24.0,137.0,59.0
JsonExport/SHREEJI MOBILE REPAIR LIMITED.json,ok,336,2025-01-28,2025-07-02,18118.97,7059.0,0.0,0.0,0.0,4.0,16.0
JsonExport/Silk Route Import & Export Ltd Transaction Report.json,ok,3028,2023-08-21,2024-08-21,220498.03,360343.53,0.0,0.0,4.0,97.0,201.0
"JsonExport/silk route import & export ltd_0,0.json",ok,3028,2023-08-21,2024-08-21,220498.03,360343.53,0.0,0.0,4.0,97.0,201.0
JsonExport/Simpli Print Group Ltd.json,ok,688,2024-03-03,2024-09-02,2746.82,63860.72,0.0,0.0,59.0,15.0,23.0
"JsonExport/Simpli Print Group Ltd_0,0.json",ok,688,2024-03-03,2024-09-02,2746.82,63860.72,0.0,0.0,59.0,15.0,23.0
JsonExport/Simply Local Richmond Ltd - GetReportByID (2)(1).json,ok,3099,2024-05-13,2025-05-12,138607.48,350796.16,0.0,32.0,3.0,292.0,506.0
JsonExport/Simply Local Richmond Ltd - GetReportByID.json,ok,100,2023-10-24,2023-11-01,0.0,11424.92,0.0,3.0,0.0,14.0,2.0
"JsonExport/SIMPLY_LOCAL_RICHMOND_LTD_0,0.json",ok,100,2023-10-24,2023-11-01,0.0,11424.92,0.0,3.0,0.0,14.0,2.0
JsonExport/SLD Personnel Ltd.json,ok,340,2025-02-07,2025-08-27,395.72,29470.25,0.0,0.0,23.0,7.0,13.0
JsonExport/Slip Surp Ltd.json,ok,1182,2023-12-11,2024-09-02,36117.6,125377.77,0.0,0.0,0.0,9.0,83.0
JsonExport/Sloppy coffee ltd.json,ok,874,2025-09-01,2026-03-12,65895.38,12834.85,0.0,1.0,0.0,2.0,3.0
JsonExport/Smart Alloys South West Limited.json,ok,2019,2023-10-08,2024-10-08,108417.69,87552.9,0.0,0.0,3.0,76.0,86.0
JsonExport/Smith Trades Ltd.json,ok,1929,2023-07-25,2024-07-25,15002.12,162480.48,0.0,3.0,1.0,264.0,113.0
"JsonExport/Smiths Trades Limited_0,0.json",ok,1929,2023-07-25,2024-07-25,15002.12,162480.48,0.0,3.0,1.0,264.0,113.0
JsonExport/Smithstrade Ltd.json,ok,100,2023-12-11,2024-03-04,0.0,5167.76,0.0,0.0,0.0,0.0,0.0
"JsonExport/Smithstrade Ltd_0,0.json",ok,100,2023-12-11,2024-03-04,0.0,5167.76,0.0,0.0,0.0,0.0,0.0
JsonExport/Smithstrade Ltd_categorized.json,ok,100,2023-12-11,2024-03-04,0.0,0.0,0.0,0.0,0.0,0.0,0.0
JsonExport/SN Star Services Ltd.json,ok,245,2025-01-20,2025-08-04,2530.0,345323.97,0.0,0.0,5.0,6.0,110.0
JsonExport/Snaan Limited.json,ok,382,2025-09-26,2026-04-28,49729.62,18112.32,0.0,19.0,1.0,5.0,5.0
JsonExport/Snapes Organic Ltd.json,ok,2043,2023-09-10,2024-09-08,7912.16,267247.11,0.0,0.0,5.0,39.0,57.0
JsonExport/Solaire tanning co limited - GetReportByID.json,ok,1220,2024-05-14,2025-05-14,5224.0,95645.1,0.0,0.0,2.0,47.0,313.0
JsonExport/Solaire tanning co limited.json,ok,1321,2024-07-03,2025-07-03,5247.31,93127.98,0.0,0.0,2.0,47.0,313.0
JsonExport/SOLICAL STADIUMS LTD.json,ok,1334,2024-11-24,2025-11-17,1389.33,19506.52,0.0,0.0,0.0,4.0,21.0
JsonExport/Something a bit different Ltd.json,ok,2088,2023-10-28,2024-10-28,32977.51,100563.72,0.0,0.0,32.0,82.0,246.0
JsonExport/Sorin&George Ltd.json,ok,2203,2025-05-06,2026-05-06,125901.92,117708.5,0.0,39.0,150.0,175.0,100.0
JsonExport/South Coast Auto Ltd.json,ok,521,2023-10-04,2024-07-09,135848.87,197044.73,0.0,0.0,5.0,32.0,36.0
JsonExport/South Coast.json,ok,100,2024-02-01,2024-03-06,48558.06,8111.65,0.0,0.0,0.0,3.0,1.0
"JsonExport/South Coast_1,1.json",ok,100,2024-02-01,2024-03-06,48558.06,8111.65,0.0,0.0,0.0,3.0,1.0
JsonExport/South Coast_categorized(1).json,ok,100,2024-02-01,2024-03-06,48558.06,8111.65,0.0,0.0,0.0,3.0,1.0
JsonExport/South Coast_categorized.json,ok,615,2023-10-02,2024-06-21,1150.0,0.0,0.0,0.0,0.0,3.0,0.0
JsonExport/SOUTHERN DRAIN SOLUTIONS LIMITED - GetReportByID.json,ok,1739,2024-06-03,2025-06-02,28634.91,52461.97,0.0,0.0,0.0,14.0,33.0
JsonExport/Spencers Group Ltd.json,ok,317,2024-08-02,2024-10-04,22953.38,10156.76,0.0,0.0,1.0,37.0,25.0
JsonExport/Spooktacular Ghost Hunting Events UK Ltd.json,ok,5691,2023-12-11,2024-12-11,51342.92,261546.86,0.0,0.0,0.0,16.0,968.0
JsonExport/Standout Aesthetics Limited.json,ok,1585,2023-07-24,2024-07-22,1400.0,192034.89,0.0,0.0,0.0,68.0,334.0
"JsonExport/Standout Aesthetics Limited_0,0.json",ok,1585,2023-07-24,2024-07-22,1400.0,192034.89,0.0,0.0,0.0,68.0,334.0
JsonExport/Staplehurst Coffee Ltd .json,ok,100,2024-03-11,2024-04-16,8110.09,6004.56,0.0,0.0,3.0,3.0,1.0
"JsonExport/Staplehurst Coffee Ltd _0,0.json",ok,100,2024-03-11,2024-04-16,8110.09,6004.56,0.0,0.0,3.0,3.0,1.0
JsonExport/Staplehurst Coffee Ltd _categorized.json,ok,100,2024-03-11,2024-04-16,0.0,0.0,0.0,0.0,0.0,6.0,0.0
JsonExport/Star Marketing Solutions Ltd - GetReportByID.json,ok,490,2024-05-07,2024-07-24,4615.4,50004.41,0.0,0.0,0.0,35.0,14.0
JsonExport/Star Marketing Solutions Ltd_categorized.json,ok,490,2024-05-07,2024-07-24,4615.4,0.0,0.0,0.0,0.0,36.0,0.0
JsonExport/Starks Flooring Ltd Transaction Report.json,ok,386,2024-05-05,2024-07-29,5174.12,52668.59,0.0,0.0,1.0,6.0,14.0
"JsonExport/Starks Flooring Ltd Transaction Report_0,0.json",ok,386,2024-05-05,2024-07-29,5174.12,52668.59,0.0,0.0,1.0,6.0,14.0
JsonExport/Steerlux.json,ok,23,2026-01-24,2026-02-03,18.07,503.17,0.0,0.0,0.0,0.0,0.0
JsonExport/STEVENSON PROPERTY SERVICES LTD - Transaction Report.json,ok,100,2023-12-25,2024-03-22,0.0,46636.03,0.0,0.0,0.0,17.0,14.0
"JsonExport/Stevnson Property Services Ltd_0,0.json",ok,100,2023-12-25,2024-03-22,0.0,46636.03,0.0,0.0,0.0,17.0,14.0
JsonExport/Stockport Jungle Ltd.json,ok,2323,2023-10-25,2024-10-24,277779.68,166485.89,0.0,13.0,0.0,122.0,368.0
JsonExport/Stormhold hospitality Ltd app 2.json,ok,3519,2025-04-16,2025-10-20,81883.0,735139.66,0.0,0.0,0.0,13.0,362.0
JsonExport/Strike Club - GetReportByID.json,ok,608,2023-07-19,2024-07-19,21099.6,117872.19,0.0,5.0,0.0,70.0,18.0
"JsonExport/STRIKECLUB_LTD-_0,0.json",ok,608,2023-07-19,2024-07-19,21099.6,117872.19,0.0,5.0,0.0,70.0,18.0
JsonExport/STRIKECLUB_LTD-_categorized.json,ok,608,2023-07-19,2024-07-19,21099.6,0.0,0.0,5.0,0.0,70.0,0.0
JsonExport/Studio 444 by Exec Connective.com - GetReportByID.json,no_transactions,0,,,,,,,,,
JsonExport/Suede Hosting Ltd.json,ok,1230,2023-07-25,2024-07-22,7629.98,87368.14,0.0,7.0,1.0,39.0,57.0
"JsonExport/Suede Hosting Ltd_0,0.json",ok,1230,2023-07-25,2024-07-22,7629.98,87368.14,0.0,7.0,1.0,39.0,57.0
JsonExport/T & L Hurley Ltd.json,ok,610,2023-07-23,2024-07-18,5297.25,30619.14,0.0,0.0,0.0,24.0,9.0
"JsonExport/T & L Hurley Ltd_0,0.json",ok,610,2023-07-23,2024-07-18,5297.25,30619.14,0.0,0.0,0.0,24.0,9.0
JsonExport/T44J Ltd - Transaction report.json,ok,100,2024-02-13,2024-06-09,360.0,2698.57,0.0,0.0,0.0,1.0,1.0
"JsonExport/T44J Ltd_0,0.json",ok,100,2024-02-13,2024-06-09,360.0,2698.57,0.0,0.0,0.0,1.0,1.0
JsonExport/TASTE OF BENGAL BROADWAY LTD.json,ok,2203,2024-12-16,2025-12-15,308020.45,57450.07,0.0,2.0,1.0,78.0,273.0
JsonExport/Taylor Floristry LTD  Clover Acc.json,ok,2246,2025-07-28,2026-05-07,235945.32,78806.55,0.0,0.0,9.0,84.0,9.0
JsonExport/Taylor Floristry LTD.json,ok,2159,2025-07-28,2026-04-24,225161.58,78417.09,0.0,0.0,9.0,80.0,9.0
JsonExport/TECHARA_LIMITED.json,ok,1305,2023-07-18,2024-07-11,5048.48,59463.35,0.0,0.0,11.0,1.0,21.0
"JsonExport/TECHARA_LIMITED_0,0.json",ok,1305,2023-07-18,2024-07-11,5048.48,59463.35,0.0,0.0,11.0,1.0,21.0
"JsonExport/The Body Fix Coach Limited (2)_0,0.json",ok,806,2023-09-03,2024-09-03,8764.28,32914.21,0.0,0.0,3.0,31.0,53.0
JsonExport/The Body Fix Coach Limited.json,ok,806,2023-09-03,2024-09-03,8764.28,32914.21,0.0,0.0,3.0,31.0,53.0
"JsonExport/The Body Fix Coach Limited_0,0.json",ok,806,2023-09-03,2024-09-03,8764.28,32914.21,0.0,0.0,3.0,31.0,53.0
JsonExport/The Body Fix Coach Limited_categorized.json,ok,806,2023-09-03,2024-09-03,6668.17,0.0,0.0,0.0,1.0,60.0,0.0
JsonExport/The Boot Country Pub Ltd - Transaction Report.json,ok,2228,2023-11-06,2024-06-28,33809.06,275778.46,0.0,0.0,2.0,7.0,137.0
JsonExport/The Boot Country Pub Ltd 2nd app - GetReportByID.json,ok,2204,2023-11-06,2024-06-24,28389.44,275763.46,0.0,0.0,2.0,7.0,137.0
"JsonExport/The Boot Country Pub Ltd_0,0.json",ok,2228,2023-11-06,2024-06-28,33809.06,275778.46,0.0,0.0,2.0,7.0,137.0
JsonExport/The CEO Lounge Ltd(1).json,ok,1255,2024-09-07,2025-04-02,38716.92,224188.95,0.0,3.0,1.0,28.0,77.0
JsonExport/The CEO Lounge Ltd.json,ok,3249,2024-11-04,2025-11-03,192917.34,441790.0,0.0,5.0,2.0,50.0,128.0
JsonExport/The Comfy Clothing Wardrobe Ltd.json,ok,1381,2024-06-21,2024-11-13,11110.71,107935.32,0.0,0.0,3.0,11.0,141.0
JsonExport/The Coven Ltd(1) - GetReportByID.json,ok,3771,2023-06-28,2024-06-28,40243.83,91282.37,0.0,0.0,3.0,73.0,66.0
"JsonExport/The Coven Ltd_0,0.json",ok,3771,2023-06-28,2024-06-28,40243.83,91282.37,0.0,0.0,3.0,73.0,66.0
JsonExport/The Coven Ltd_categorized.json,ok,3771,2023-06-28,2024-06-28,5292.9,0.0,0.0,0.0,484.0,73.0,57.0
JsonExport/The Daisy Patch.json,ok,525,2025-03-06,2025-08-15,38.51,51077.7,0.0,0.0,0.0,7.0,98.0
JsonExport/The Fuel Agency (UK) Ltd.json,ok,2169,2023-08-29,2024-08-28,312408.04,1291877.78,0.0,1.0,4.0,114.0,296.0
"JsonExport/The Fuel Agency (UK) Ltd_0,0.json",ok,2169,2023-08-29,2024-08-28,312408.04,1291877.78,0.0,1.0,4.0,114.0,296.0
JsonExport/The Fuel Agency (UK) Ltd_categorized(1).json,ok,2169,2023-08-29,2024-08-28,312408.04,1291877.78,0.0,1.0,4.0,114.0,296.0
JsonExport/The Fuel Agency (UK) Ltd_categorized.json,ok,2169,2023-08-29,2024-08-28,312408.04,1500.0,0.0,1.0,4.0,393.0,2.0
"JsonExport/The Fuel Agency (UK) Ltd_categorized_0,0.json",ok,2169,2023-08-29,2024-08-28,312408.04,1291877.78,0.0,1.0,4.0,114.0,296.0
JsonExport/The Gangway Sheringham Limited - GetReportByID.json,ok,2908,2023-07-24,2024-07-24,397254.13,370083.26,0.0,0.0,1.0,53.0,172.0
"JsonExport/The Gangway Sheringham Limited_0,0.json",ok,2908,2023-07-24,2024-07-24,397254.13,370083.26,0.0,0.0,1.0,53.0,172.0
JsonExport/The Gangway Sheringham Limited_categorized.json,ok,2908,2023-07-24,2024-07-24,63595.58,0.0,0.0,0.0,1.0,417.0,1.0
JsonExport/The Gluten Free World Ltd - GetReportByID.json,ok,1313,2023-07-08,2024-07-07,14666.25,48145.26,0.0,0.0,4.0,21.0,118.0
JsonExport/The Gluten Free World Ltd(1).json,ok,1245,2023-09-06,2024-09-03,16761.38,50587.84,0.0,0.0,4.0,22.0,99.0
"JsonExport/The Gluten Free World Ltd_0,0.json",ok,1313,2023-07-08,2024-07-07,14666.25,48145.26,0.0,0.0,4.0,21.0,118.0
JsonExport/THE HIVE SCOTLAND LTD - GetReportByID.json,ok,1179,2024-05-08,2025-05-08,3753.19,35854.71,0.0,0.0,162.0,18.0,295.0
JsonExport/The House Of Dosai - GetReportByID.json,ok,3478,2024-05-16,2025-05-16,151763.09,347611.83,0.0,4.0,1.0,263.0,80.0
JsonExport/The Nail Label Limited.json,ok,798,2024-03-02,2024-12-22,5398.99,25471.77,0.0,0.0,3.0,10.0,25.0
JsonExport/The spirits corner hull Ltd.json,ok,91,2025-10-08,2025-11-19,20.73,12045.59,0.0,0.0,0.0,1.0,3.0
JsonExport/THE SUMI GROUP LTD.json,ok,1537,2025-02-14,2025-06-25,3080.49,201512.55,0.0,0.0,0.0,203.0,96.0
JsonExport/Them Paint Guys Limited.json,ok,194,2024-08-13,2024-12-16,4603.22,61374.17,0.0,0.0,0.0,17.0,42.0
JsonExport/THE_HOP_HOUSE_LTD.json,ok,100,2024-03-13,2024-03-19,1822.02,897.42,0.0,0.0,0.0,41.0,0.0
"JsonExport/THE_HOP_HOUSE_LTD_0,0.json",ok,100,2024-03-13,2024-03-19,1822.02,897.42,0.0,0.0,0.0,41.0,0.0
JsonExport/THE_THIRSTY_TURTLE_LIMITED.json,ok,100,2024-02-05,2024-02-16,0.0,28599.04,0.0,0.0,0.0,0.0,18.0
"JsonExport/THE_THIRSTY_TURTLE_LIMITED_0,0.json",ok,100,2024-02-05,2024-02-16,0.0,28599.04,0.0,0.0,0.0,0.0,18.0
JsonExport/THE_THIRSTY_TURTLE_LIMITED_categorized.json,ok,100,2024-02-05,2024-02-16,0.0,0.0,0.0,0.0,0.0,0.0,0.0
JsonExport/Thor Ltd.json,ok,410,2024-01-12,2024-10-01,503.92,102171.26,0.0,0.0,0.0,27.0,27.0
JsonExport/Total Math Tutoring Ltd.json,ok,2714,2024-04-09,2025-04-08,115610.23,170284.1,0.0,10.0,0.0,6.0,236.0
JsonExport/Totes Luxe UK LTD.json,ok,4087,2024-07-29,2025-07-28,22704.41,866509.75,0.0,0.0,277.0,159.0,434.0
JsonExport/Town Flooring Ltd - GetReportByID.json,ok,678,2024-10-02,2025-06-02,3689.0,61348.22,0.0,0.0,0.0,5.0,16.0
JsonExport/Tradedesk Team Ltd 2nd app - GetReportByID.json,ok,610,2023-06-21,2024-06-21,21696.01,33148.34,0.0,4.0,1.0,8.0,28.0
"JsonExport/TradeDesk Team Ltd_0,0.json",ok,610,2023-06-21,2024-06-21,21696.01,33148.34,0.0,4.0,1.0,8.0,28.0
JsonExport/TradeDesk Team Ltd_categorized.json,ok,610,2023-06-21,2024-06-21,5227.1,0.0,0.0,4.0,1.0,8.0,1.0
JsonExport/Transactions Report.json,ok,100,2024-01-14,2024-03-05,0.0,21798.02,0.0,0.0,0.0,5.0,6.0
JsonExport/Trim fadeys limited - GetReportByID.json,ok,339,2025-03-09,2025-05-19,0.0,10490.26,0.0,0.0,0.0,47.0,65.0
JsonExport/Trim fadeys limited.json,ok,1272,2025-03-09,2025-11-18,0.0,36694.57,0.0,0.0,0.0,114.0,233.0
JsonExport/TTND Ltd Transaction Report.json,ok,1947,2023-08-16,2024-08-16,72699.46,123211.71,0.0,19.0,5.0,285.0,31.0
"JsonExport/TTND Ltd Transaction Report_0,0.json",ok,1947,2023-08-16,2024-08-16,72699.46,123211.71,0.0,19.0,5.0,285.0,31.0
JsonExport/TTND Ltd Transaction Report_categorized.json,ok,1947,2023-08-16,2024-08-16,31461.85,0.0,0.0,19.0,0.0,292.0,0.0
JsonExport/Uban Limited.json,ok,429,2024-02-05,2024-11-07,162.5,29915.25,0.0,0.0,0.0,0.0,53.0
JsonExport/Ultimate 2020 Group TA Trade Glaze.json,ok,2311,2023-12-30,2024-12-30,150593.47,843290.05,0.0,0.0,4.0,292.0,296.0
JsonExport/Upper6th Consultancy Limited.json,ok,7097,2025-05-11,2026-05-11,83594.69,62797.09,0.0,0.0,56.0,77.0,178.0
JsonExport/Uteachmi Ltd Transaction Report.json,ok,3458,2023-08-13,2024-08-13,5005.82,317615.49,0.0,0.0,2.0,104.0,308.0
"JsonExport/Uteachmi Ltd Transaction Report_0,0.json",ok,3458,2023-08-13,2024-08-13,5005.82,317615.49,0.0,0.0,2.0,104.0,308.0
JsonExport/Uteachmi Ltd Transaction Report_categorized.json,ok,3458,2023-08-13,2024-08-13,2286.8,0.0,0.0,0.0,0.0,626.0,0.0
JsonExport/Vageman Fish Limited.json,ok,407,2024-04-16,2024-09-24,23.02,71321.14,0.0,5.0,0.0,17.0,113.0
JsonExport/Vagemanfish Ltd.json,ok,407,2024-04-16,2024-09-24,23.02,71321.14,0.0,5.0,0.0,17.0,113.0
JsonExport/Vehicles For Hire Ltd - GetReportByID.json,ok,236,2024-06-03,2025-05-15,25994.2,65488.93,0.0,0.0,0.0,13.0,46.0
JsonExport/Verve GB.json,ok,100,2024-02-06,2024-02-22,4.0,622.0,0.0,0.0,0.0,0.0,0.0
"JsonExport/Verve GB_0,0.json",ok,100,2024-02-06,2024-02-22,4.0,622.0,0.0,0.0,0.0,0.0,0.0
JsonExport/Verve GB_categorized.json,ok,100,2024-02-06,2024-02-22,4.0,0.0,0.0,0.0,0.0,12.0,0.0
"JsonExport/Victory and Joel Ltd _0,0.json",ok,100,2024-01-14,2024-03-05,0.0,21798.02,0.0,0.0,0.0,5.0,6.0
JsonExport/Vision ET Consilium Ltd(1).json,ok,1250,2024-01-06,2025-01-06,26628.04,509802.58,0.0,16.0,0.0,43.0,71.0
JsonExport/Vision ET Consilium Ltd.json,ok,1272,2023-09-24,2024-09-24,25019.19,497619.09,0.0,27.0,0.0,43.0,70.0
JsonExport/Vision Science Academy Transaction Report.json,ok,541,2023-08-12,2024-08-12,21945.93,41220.21,0.0,0.0,1.0,15.0,14.0
JsonExport/VLD ORAL CARE LTD - GetReportByID.json,ok,274,2024-05-17,2025-05-15,30823.62,147430.43,0.0,8.0,0.0,9.0,20.0
JsonExport/Voltanic Ltd.json,ok,889,2023-08-29,2024-08-28,35821.65,167392.81,0.0,0.0,0.0,7.0,179.0
"JsonExport/Voltanic Ltd_0,0.json",ok,889,2023-08-29,2024-08-28,35821.65,167392.81,0.0,0.0,0.0,7.0,179.0
JsonExport/Voltanic Ltd_categorized.json,ok,889,2023-08-29,2024-08-28,35821.65,0.0,0.0,0.0,0.0,8.0,1.0
JsonExport/We Design it Ltd.json,ok,1124,2023-09-05,2024-09-05,33717.47,92330.84,0.0,10.0,0.0,49.0,23.0
"JsonExport/We Design it Ltd_0,0.json",ok,1124,2023-09-05,2024-09-05,33717.47,92330.84,0.0,10.0,0.0,49.0,23.0
JsonExport/We Design it Ltd_categorized(1).json,ok,1124,2023-09-05,2024-09-05,33717.47,92330.84,0.0,10.0,0.0,49.0,23.0
JsonExport/We Design it Ltd_categorized.json,ok,1124,2023-09-05,2024-09-05,33717.47,20000.0,0.0,10.0,0.0,49.0,1.0
JsonExport/We Style Any Dog Limited.json,ok,1660,2023-09-25,2024-09-21,3258.33,35497.58,0.0,20.0,0.0,92.0,150.0
JsonExport/Weird Inc Ltd - GetReportByID.json,ok,994,2023-07-12,2024-07-10,12702.46,28800.82,0.0,2.0,3.0,82.0,81.0
"JsonExport/Weird Inc Ltd _0,0.json",ok,994,2023-07-12,2024-07-10,12702.46,28800.82,0.0,2.0,3.0,82.0,81.0
JsonExport/Weird Inc Ltd _categorized.json,ok,994,2023-07-12,2024-07-10,12702.46,0.0,0.0,2.0,0.0,85.0,2.0
JsonExport/White Canvas Bridal Ltd - GetReportByID (1)(1).json,ok,47,2023-11-20,2023-12-18,10090.0,13300.0,0.0,0.0,0.0,2.0,4.0
JsonExport/White Canvas Bridal Ltd - GetReportByID.json,ok,100,2024-03-21,2024-04-21,13672.6,19782.34,0.0,0.0,0.0,13.0,9.0
JsonExport/White Canvas Bridal Ltd Transaction Report.json,ok,701,2023-08-15,2024-07-26,69490.62,91449.45,0.0,0.0,4.0,44.0,43.0
"JsonExport/White Canvas Bridal Ltd Transactions_1,0.json",ok,701,2023-08-15,2024-07-26,69490.62,91449.45,0.0,0.0,4.0,44.0,43.0
JsonExport/White Oak Design Studio LTD.json,ok,1391,2024-08-06,2025-07-29,130190.85,319340.35,0.0,0.0,29.0,32.0,108.0
JsonExport/WHITE ROCK TRADING LIMITED.json,ok,585,2024-11-18,2025-11-05,25691.06,117301.34,0.0,0.0,0.0,17.0,8.0
JsonExport/White Sea Technologies Limited.json,ok,218,2023-09-25,2024-09-11,41167.04,8207.06,0.0,1.0,0.0,13.0,14.0
JsonExport/White_canvas_categorized(1).json,ok,35,2023-11-03,2023-12-01,1235.0,2300.0,0.0,0.0,0.0,0.0,1.0
JsonExport/White_canvas_categorized.json,ok,35,2023-11-03,2023-12-01,1235.0,2300.0,0.0,0.0,0.0,0.0,1.0
JsonExport/Wigporium Ltd.json,ok,531,2023-09-30,2024-09-27,13056.24,7606.56,0.0,0.0,22.0,29.0,21.0
JsonExport/Wild Bru and Lavers Ltd - Transaction Report.json,ok,100,2024-03-07,2024-03-26,37213.89,1969.71,0.0,0.0,4.0,21.0,10.0
"JsonExport/Wild Bru and Lavers Ltd_0,0.json",ok,100,2024-03-07,2024-03-26,37213.89,1969.71,0.0,0.0,4.0,21.0,10.0
JsonExport/WIMB Lifestyle - GetReportByID.json,ok,1574,2024-04-23,2025-04-22,65110.13,85886.78,0.0,9.0,4.0,67.0,65.0
JsonExport/Winfresh Construction Limited.json,ok,217,2025-02-10,2025-07-07,34173.48,3275.36,0.0,0.0,0.0,5.0,1.0
JsonExport/Witches Tea - GetReportByID.json,ok,12238,2024-05-13,2025-05-12,16771.85,187013.43,0.0,0.0,0.0,26.0,994.0
JsonExport/WItham pizza ltd.json,ok,1915,2024-08-06,2025-08-06,283602.54,233696.59,0.0,26.0,0.0,40.0,32.0
JsonExport/WMJ group limited.json,ok,4672,2025-01-13,2026-01-13,162692.68,729553.96,0.0,0.0,1.0,96.0,378.0
JsonExport/Wye Valley Catering.json,ok,3742,2023-09-11,2024-09-10,350672.87,310372.24,0.0,1.0,14.0,128.0,153.0
"JsonExport/Wye Valley Catering_0,0.json",ok,3742,2023-09-11,2024-09-10,350672.87,310372.24,0.0,1.0,14.0,128.0,153.0
JsonExport/Wye Valley Catering_categorized.json,ok,3742,2023-09-11,2024-09-10,19252.65,0.0,0.0,1.0,11.0,345.0,0.0
JsonExport/Wyevalleycatering ltd.json,ok,3865,2024-09-15,2025-09-15,405722.71,251360.64,0.0,0.0,1.0,52.0,64.0
JsonExport/XTC Clothing.json,ok,918,2023-06-26,2024-06-17,11254.99,23036.77,0.0,0.0,1.0,1.0,3.0
"JsonExport/XTC Clothing_0,0.json",ok,918,2023-06-26,2024-06-17,11254.99,23036.77,0.0,0.0,1.0,1.0,3.0
JsonExport/XTC Clothing_categorized.json,ok,918,2023-06-26,2024-06-17,11254.99,0.0,0.0,0.0,0.0,13.0,0.0
JsonExport/Xydrobe Ltd Transaction Report.json,ok,232,2023-08-26,2024-08-18,16051.38,21175.89,0.0,0.0,1.0,4.0,5.0
"JsonExport/Xydrobe Ltd Transaction Report_0,0.json",ok,232,2023-08-26,2024-08-18,16051.38,21175.89,0.0,0.0,1.0,4.0,5.0
JsonExport/YLK GROUP LTD - Transaction Report.json,ok,100,2024-01-15,2024-03-06,638.33,4130.8,0.0,0.0,0.0,0.0,4.0
"JsonExport/YLK GROUP LTD_0,0.json",ok,100,2024-01-15,2024-03-06,638.33,4130.8,0.0,0.0,0.0,0.0,4.0
JsonExport/YLK GROUP LTD_categorized.json,ok,100,2024-01-15,2024-03-06,638.33,0.0,0.0,0.0,0.0,1.0,1.0
JsonExport/Yoga Management Ltd.json,ok,37,2025-01-11,2025-02-18,0.0,30534.75,0.0,0.0,0.0,1.0,10.0
JsonExport/YS Traders Limited.json,ok,243,2024-06-25,2024-12-04,1296.0,8825.88,0.0,0.0,26.0,6.0,22.0
JsonExport/Zainobu Limited Transaction Report.json,ok,156,2024-05-07,2024-08-04,2790.9,1641.21,0.0,0.0,0.0,4.0,0.0
JsonExport/Zainobu Limited.json,ok,321,2024-03-01,2024-09-24,5609.81,10717.35,0.0,0.0,0.0,7.0,3.0
JsonExport/Zainobu Ltd.json,ok,321,2024-03-01,2024-09-24,5609.81,10717.35,0.0,0.0,0.0,7.0,3.0
